Pollster,Start Date,End Date,Entry Date/Time (ET),Number of Observations,Population,Mode,Clinton,Sanders,Biden,Chafee,Lessig,O'Malley,Webb,Undecided,Pollster URL,Source URL,Partisan,Affiliation
Morning Consult,2016-03-24,2016-03-26,2016-03-28 17:06:25 UTC,931,Registered Voters - Democrat,Internet,50,39,,,,,,5,http://elections.huffingtonpost.com/pollster/polls/morning-consult-24158,https://morningconsult.com/2016/03/paul-ryan-general-election-polling-hillary-clinton-bernie-sanders/,Nonpartisan,None
Ipsos/Reuters,2016-03-19,2016-03-23,2016-03-24 17:37:44 UTC,584,Registered Voters - Democrat,Internet,50,45,,,,,,5,http://elections.huffingtonpost.com/pollster/polls/ipsos-reuters-24148,http://big.assets.huffingtonpost.com/2016ReutersTrackingCorePolitical3.23.16.pdf,Nonpartisan,None
FOX,2016-03-20,2016-03-22,2016-03-23 22:19:32 UTC,410,Likely Voters - Democrat,Live Phone,55,42,,,,,,1,http://elections.huffingtonpost.com/pollster/polls/fox-24141,http://www.foxnews.com/politics/interactive/2016/03/23/fox-news-poll-national-general-election-32316/,Nonpartisan,None
Bloomberg/Selzer,2016-03-19,2016-03-22,2016-03-23 21:46:55 UTC,311,Likely Voters - Democrat,Live Phone,48,49,,,,,,3,http://elections.huffingtonpost.com/pollster/polls/bloomberg-selzer-24140,http://assets.bwbx.io/documents/users/iqjWHBFdfxIU/r.f2qF2GAiq8/v0,Nonpartisan,None
Morning Consult,2016-03-18,2016-03-21,2016-03-21 19:05:11 UTC,884,Registered Voters - Democrat,Internet,51,39,,,,,,7,http://elections.huffingtonpost.com/pollster/polls/morning-consult-24122,https://morningconsult.com/2016/03/paul-ryan-general-election-polling-hillary-clinton-bernie-sanders/,Nonpartisan,None
Quinnipiac,2016-03-16,2016-03-21,2016-03-23 11:19:56 UTC,635,Registered Voters - Democrat,Live Phone,50,38,,,,,,10,http://elections.huffingtonpost.com/pollster/polls/quinnipiac-24134,http://www.quinnipiac.edu/news-and-events/quinnipiac-university-poll/national/release-detail?ReleaseID=2333,Nonpartisan,None
CBS/Times,2016-03-17,2016-03-20,2016-03-21 23:13:18 UTC,388,Likely Voters - Democrat,Live Phone,50,45,,,,,,3,http://elections.huffingtonpost.com/pollster/polls/cbs-times-24126,http://www.cbsnews.com/news/cbsnyt-poll-who-do-gop-voters-blame-for-violence-at-donald-trump-rallies/,Nonpartisan,None
CNN,2016-03-17,2016-03-20,2016-03-22 00:48:49 UTC,478,Likely Voters - Democrat,Live Phone,51,44,,,,,,3,http://elections.huffingtonpost.com/pollster/polls/cnn-24127,http://www.cnn.com/2016/03/21/politics/2016-election-poll-results-toplines/index.html,Nonpartisan,None
Monmouth University,2016-03-17,2016-03-20,2016-03-23 15:18:29 UTC,391,Registered Voters - Democrat,Live Phone,55,37,,,,,,8,http://elections.huffingtonpost.com/pollster/polls/monmouth-university-24136,http://www.monmouth.edu/assets/0/32212254770/32212254991/32212254992/32212254994/32212254995/30064771087/d0335f8b-d571-463c-88ec-729620d17068.pdf,Nonpartisan,None
NBC/SurveyMonkey,2016-03-14,2016-03-20,2016-03-22 12:18:31 UTC,4163,Registered Voters - Democrat,Internet,53,41,,,,,,6,http://elections.huffingtonpost.com/pollster/polls/nbc-surveymonkey-24130,http://www.msnbc.com/msnbc/trump-maintains-national-lead-big-divisions-exist-within-evangelical-support,Nonpartisan,None
Morning Consult,2016-03-16,2016-03-18,2016-03-18 17:59:58 UTC,895,Registered Voters - Democrat,Internet,49,40,,,,,,7,http://elections.huffingtonpost.com/pollster/polls/morning-consult-24111,https://morningconsult.com/2016/03/cruz-edges-closer-to-trump-new-presidential-poll/?utm_content=31597007&utm_medium=social&utm_source=twitter,Nonpartisan,None
Ipsos/Reuters,2016-03-12,2016-03-16,2016-03-17 16:05:22 UTC,615,Registered Voters - Democrat,Internet,51,45,,,,,,4,http://elections.huffingtonpost.com/pollster/polls/ipsos-reuters-24103,http://big.assets.huffingtonpost.com/2016ReutersTracking3.16.16.pdf,Nonpartisan,None
Morning Consult,2016-03-11,2016-03-13,2016-03-14 17:45:27 UTC,1842,Registered Voters - Democrat,Internet,48,40,,,,,,7,http://elections.huffingtonpost.com/pollster/polls/morning-consult-24088,https://morningconsult.com/2016/03/bernie-sanders-hillary-clinton-donald-trump-ted-cruz-presidential-polling/,Nonpartisan,None
NBC/SurveyMonkey,2016-03-07,2016-03-13,2016-03-15 11:14:18 UTC,2597,Registered Voters - Democrat,Internet,54,41,,,,,,5,http://elections.huffingtonpost.com/pollster/polls/nbc-surveymonkey-24093,http://www.msnbc.com/msnbc/trump-and-clinton-lead-nationally-clinton-support-dips-ahead-key-contests,Nonpartisan,None
YouGov/Economist,2016-03-10,2016-03-12,2016-03-14 17:17:34 UTC,400,Likely Voters - Democrat,Internet,52,40,,,,,,8,http://elections.huffingtonpost.com/pollster/polls/yougov-economist-24084,https://today.yougov.com/news/2016/03/14/trump-rises-national-support-rubio-falls-and-carso/,Nonpartisan,None
Ipsos/Reuters,2016-03-05,2016-03-09,2016-03-10 16:53:52 UTC,686,Registered Voters - Democrat,Internet,55,40,,,,,,5,http://elections.huffingtonpost.com/pollster/polls/ipsos-reuters-24040,http://big.assets.huffingtonpost.com/2016ReutersTrackingCorePoliticalpdf.pdf,Nonpartisan,None
Morning Consult,2016-03-04,2016-03-06,2016-03-08 15:38:21 UTC,960,Registered Voters - Democrat,Internet,52,36,,,,,,7,http://elections.huffingtonpost.com/pollster/polls/morning-consult-24011,http://morningconsult.com/2016/03/poll-ted-cruz-closes-gap-on-donald-trump/,Nonpartisan,None
ABC/Post,2016-03-03,2016-03-06,2016-03-08 12:06:27 UTC,356,Registered Voters - Democrat,Live Phone,49,42,,,,,,7,http://elections.huffingtonpost.com/pollster/polls/abc-post-24009,http://apps.washingtonpost.com/g/page/politics/washington-post-abc-news-national-poll-march-3-6-2016/1982/,Nonpartisan,None
NBC/WSJ,2016-03-03,2016-03-06,2016-03-08 17:16:18 UTC,410,Likely Voters - Democrat,Live Phone,53,44,,,,,,,http://elections.huffingtonpost.com/pollster/polls/nbc-wsj-24013,http://www.nbcnews.com/politics/2016-election/clinton-nine-over-sanders-nationally-new-nbc-news-wsj-poll-n533911,Pollster,Dem
NBC/SurveyMonkey,2016-02-29,2016-03-06,2016-03-08 11:30:08 UTC,6245,Registered Voters - Democrat,Internet,55,38,,,,,,7,http://elections.huffingtonpost.com/pollster/polls/nbc-surveymonkey-24008,https://www.scribd.com/doc/302999656/NBC-News-SurveyMonkey-Toplines-and-Methodology-2-29-3-6?secret_password=RqOsJk7HFnKkgH03TY1h,Nonpartisan,None
Ipsos/Reuters,2016-02-27,2016-03-02,2016-03-03 17:38:25 UTC,619,Registered Voters - Democrat,Internet,54,40,,,,,,5,http://elections.huffingtonpost.com/pollster/polls/ipsos-reuters-23970,http://big.assets.huffingtonpost.com/2016ReutersTracking30216.pdf,Nonpartisan,None
Rasmussen,2016-02-25,2016-02-28,2016-03-01 16:21:32 UTC,541,Likely Voters - Democrat,Automated Phone,53,31,,,,,,6,http://elections.huffingtonpost.com/pollster/polls/rasmussen-23957,http://www.rasmussenreports.com/public_content/politics/elections/election_2016/support_for_clinton_up_among_democrats_nationally,Nonpartisan,None
NBC/SurveyMonkey,2016-02-22,2016-02-28,2016-03-01 16:08:48 UTC,8702,Registered Voters - Democrat,Internet,51,41,,,,,,8,http://elections.huffingtonpost.com/pollster/polls/nbc-surveymonkey-23955,http://www.nbcnews.com/politics/2016-election/trump-hits-new-high-clinton-maintains-big-lead-new-national-n528521,Nonpartisan,None
Morning Consult,2016-02-26,2016-02-27,2016-02-29 17:19:46 UTC,891,Registered Voters - Democrat,Internet,51,35,,,,,,9,http://elections.huffingtonpost.com/pollster/polls/morning-consult-23918,http://morningconsult.com/2016/02/donald-trump-marco-rubio-super-tuesday-polling/,Nonpartisan,None
CNN,2016-02-24,2016-02-27,2016-02-29 12:17:00 UTC,418,Registered Voters - Democrat,Live Phone,55,38,,,,,,4,http://elections.huffingtonpost.com/pollster/polls/cnn-23911,http://i2.cdn.turner.com/cnn/2016/images/02/29/rel4a.-.2016.primaries.pdf,Nonpartisan,None
YouGov/Economist,2016-02-24,2016-02-27,2016-02-28 23:08:26 UTC,535,Likely Voters - Democrat,Internet,55,37,,,,,,6,http://elections.huffingtonpost.com/pollster/polls/yougov-economist-23910,https://today.yougov.com/news/2016/02/28/3-4-republican-primary-voters-now-expect-trump-nom/,Nonpartisan,None
Morning Consult,2016-02-24,2016-02-25,2016-02-26 01:55:24 UTC,1723,Registered Voters - Democrat,Internet,50,35,,,,,,10,http://elections.huffingtonpost.com/pollster/polls/morning-consult-23880,http://morningconsult.com/2016/02/ted-cruz-support-drops-amid-character-attacks/,Nonpartisan,None
Ipsos/Reuters,2016-02-20,2016-02-24,2016-02-25 17:29:09 UTC,546,Registered Voters - Democrat,Internet,49,44,,,,,,7,http://elections.huffingtonpost.com/pollster/polls/ipsos-reuters-23865,http://big.assets.huffingtonpost.com/2016ReutersTracking1.pdf,Nonpartisan,None
IBD/TIPP,2016-02-19,2016-02-24,2016-02-25 15:27:09 UTC,334,Registered Voters - Democrat,Live Phone,45,43,,,,,,6,http://elections.huffingtonpost.com/pollster/polls/ibd-tipp-23862,http://www.investors.com/politics/clinton-and-sanders-in-a-dead-heat-as-super-tuesday-looms/,Nonpartisan,None
NBC/SurveyMonkey,2016-02-15,2016-02-21,2016-02-23 11:57:11 UTC,3338,Registered Voters - Democrat,Internet,51,40,,,,,,9,http://elections.huffingtonpost.com/pollster/polls/nbc-surveymonkey-23836,https://www.scribd.com/doc/300095897/NBC-News-SurveyMonkey-Toplines-and-Methodology-2-15-2-21?secret_password=YZtDbbnKcnK7qHg1qdlK,Nonpartisan,None
FOX,2016-02-15,2016-02-17,2016-02-18 23:08:04 UTC,429,Likely Voters - Democrat,Live Phone,44,47,,,,,,7,http://elections.huffingtonpost.com/pollster/polls/fox-23803,http://www.foxnews.com/politics/interactive/2016/02/18/fox-news-poll-national-presidential-race-february-18-2016/,Nonpartisan,None
Ipsos/Reuters,2016-02-13,2016-02-17,2016-02-18 20:15:27 UTC,543,Registered Voters - Democrat,Internet,53,42,,,,,,5,http://elections.huffingtonpost.com/pollster/polls/ipsos-reuters-23799,http://big.assets.huffingtonpost.com/2016ReutersTracking.pdf,Nonpartisan,None
McLaughlin (R),2016-02-11,2016-02-17,2016-02-26 21:51:10 UTC,454,Likely Voters - Democrat,Internet,43,43,,,,,,15,http://elections.huffingtonpost.com/pollster/polls/mclaughlin-r-23899,http://mclaughlinonline.com/pols/wp-content/uploads/2016/02/National-Omnibus-2-17-16-TOPLINE-Public.pdf,Pollster,Rep
Morning Consult,2016-02-15,2016-02-16,2016-02-17 11:44:02 UTC,829,Registered Voters - Democrat,Internet,47,39,,,,,,9,http://elections.huffingtonpost.com/pollster/polls/morning-consult-23766,http://morningconsult.com/2016/02/trump-drops-slightly-clinton-holds-steady-in-new-poll/,Nonpartisan,None
NBC/WSJ,2016-02-14,2016-02-16,2016-02-18 22:10:10 UTC,400,Likely Voters - Democrat,Live Phone,53,42,,,,,,5,http://elections.huffingtonpost.com/pollster/polls/nbc-wsj-23801,https://www.scribd.com/doc/299690763/NBCNews-WSJ-February-Poll?secret_password=Mf2CgQ8zDGpLW73pfCoJ,Pollster,Dem
CBS,2016-02-12,2016-02-16,2016-02-19 15:45:12 UTC,264,Likely Voters - Democrat,Live Phone,47,39,,,,,,10,http://elections.huffingtonpost.com/pollster/polls/cbs-23809,http://www.scribd.com/doc/299713095/Toplines-Dem-Poll-CBS-2-18-16/,Nonpartisan,None
Robert Morris University,2016-02-11,2016-02-16,2016-02-24 20:48:19 UTC,287,Likely Voters - Democrat,Internet,57,36,,,,,,,http://elections.huffingtonpost.com/pollster/polls/robert-morris-university-23856,http://big.assets.huffingtonpost.com/RMU20154Report.pdf,Nonpartisan,None
Suffolk/USA Today,2016-02-11,2016-02-15,2016-02-17 17:22:40 UTC,319,Likely Voters - Democrat,Live Phone,50,40,,,,,,10,http://elections.huffingtonpost.com/pollster/polls/suffolk-usa-today-23779,https://www.suffolk.edu/academics/10741.php,Nonpartisan,None
YouGov/Economist,2016-02-11,2016-02-15,2016-02-18 16:28:27 UTC,527,Likely Voters - Democrat,Internet,53,39,,,,,,6,http://elections.huffingtonpost.com/pollster/polls/yougov-economist-23794,https://today.yougov.com/news/2016/02/18/trump-dominates-gop-field-nationally-kasich-gains/,Nonpartisan,None
Quinnipiac,2016-02-10,2016-02-15,2016-02-17 11:36:57 UTC,563,Registered Voters - Democrat,Live Phone,44,42,,,,,,13,http://elections.huffingtonpost.com/pollster/polls/quinnipiac-23765,http://www.quinnipiac.edu/news-and-events/quinnipiac-university-poll/national/release-detail?ReleaseID=2323,Nonpartisan,None
NBC/SurveyMonkey,2016-02-08,2016-02-14,2016-02-16 12:55:27 UTC,3847,Registered Voters - Democrat,Internet,50,40,,,,,,9,http://elections.huffingtonpost.com/pollster/polls/nbc-surveymonkey-23756,https://www.scribd.com/doc/299368679/NBC-News-SurveyMonkey-Weekly-Election-Tracking-Poll?secret_password=GuV7OK1YVs7OzORICRdM,Nonpartisan,None
Morning Consult,2016-02-10,2016-02-11,2016-02-12 15:34:31 UTC,811,Registered Voters - Democrat,Internet,46,39,,,,,,7,http://elections.huffingtonpost.com/pollster/polls/morning-consult-23744,http://morningconsult.com/2016/02/donald-trump-bernie-sanders-national-polling/,Nonpartisan,None
Ipsos/Reuters,2016-02-06,2016-02-10,2016-02-11 16:07:52 UTC,600,Registered Voters - Democrat,Internet,55,43,,,,,,3,http://elections.huffingtonpost.com/pollster/polls/ipsos-reuters-23740,http://big.assets.huffingtonpost.com/2016ReutersTrackingPolitical21016.pdf,Nonpartisan,None
Morning Consult,2016-02-03,2016-02-07,2016-02-09 22:39:37 UTC,1988,Registered Voters - Democrat,Internet,50,37,,,,,,8,http://elections.huffingtonpost.com/pollster/polls/morning-consult-23731,http://morningconsult.com/2016/02/poll-cruz-rubio-gain-heading-to-new-hampshire/,Nonpartisan,None
NBC/SurveyMonkey,2016-02-01,2016-02-07,2016-02-10 16:02:26 UTC,3154,Registered Voters - Democrat,Internet,51,39,,,,1,,8,http://elections.huffingtonpost.com/pollster/polls/nbc-surveymonkey-23733,http://www.nbcnews.com/politics/2016-election/voters-think-trump-will-win-gop-nomination-cruz-rubio-rise-n514196,Nonpartisan,None
Rasmussen,2016-02-03,2016-02-04,2016-02-05 18:28:12 UTC,574,Likely Voters - Democrat,Internet,50,32,,,,,,6,http://elections.huffingtonpost.com/pollster/polls/rasmussen-23686,http://www.rasmussenreports.com/public_content/politics/elections/election_2016/clinton_s_support_holds_steady_nationally,Nonpartisan,None
Rasmussen,2016-02-03,2016-02-04,2016-02-07 16:02:26 UTC,574,Likely Voters - Democrat,Automated Phone,50,32,,,,,,6,http://elections.huffingtonpost.com/pollster/polls/rasmussen-23698,http://www.rasmussenreports.com/public_content/politics/elections/election_2016/clinton_s_support_holds_steady_nationally,Nonpartisan,None
Quinnipiac,2016-02-02,2016-02-04,2016-02-05 12:41:40 UTC,484,Registered Voters - Democrat,Live Phone,44,42,,,,,,13,http://elections.huffingtonpost.com/pollster/polls/quinnipiac-23675,http://www.quinnipiac.edu/news-and-events/quinnipiac-university-poll/national/release-detail?ReleaseID=2321,Nonpartisan,None
Morning Consult,2016-02-02,2016-02-03,2016-02-03 19:49:33 UTC,719,Registered Voters,Internet,51,35,,,,,,8,http://elections.huffingtonpost.com/pollster/polls/morning-consult-23659,https://morningconsult.com/2016/02/bernie-sanders-marco-rubio-ted-cruz-rise-after-iowa//,Nonpartisan,None
PPP (D),2016-02-02,2016-02-03,2016-02-04 15:36:54 UTC,517,Likely Voters - Democrat,IVR/Online,53,32,,,,,,14,http://elections.huffingtonpost.com/pollster/polls/ppp-d-23664,http://www.publicpolicypolling.com/main/2016/02/republican-race-tightens-nationally-clinton-still-solid.html,Pollster,Dem
Ipsos/Reuters,2016-01-30,2016-02-03,2016-02-04 16:16:33 UTC,619,Registered Voters - Democrat,Internet,54,39,,,,2,,5,http://elections.huffingtonpost.com/pollster/polls/ipsos-reuters-23665,http://big.assets.huffingtonpost.com/2016Reutersipsos.pdf,Nonpartisan,None
Morning Consult,2016-01-29,2016-02-01,2016-02-01 21:20:47 UTC,1928,Registered Voters - Democrat,Internet,50,34,,,,3,,9,http://elections.huffingtonpost.com/pollster/polls/morning-consult-23648,http://morningconsult.com/2016/02/donald-trump-poll-numbers-iowa-caucuses/,Nonpartisan,None
NBC/SurveyMonkey,2016-01-25,2016-01-31,2016-02-04 20:42:44 UTC,3233,Registered Voters - Democrat,Internet,50,39,,,,2,,8,http://elections.huffingtonpost.com/pollster/polls/nbc-surveymonkey-23669,http://big.assets.huffingtonpost.com/NBCNewsSurveyMonkey020216.pdf,Nonpartisan,None
YouGov/Economist,2016-01-27,2016-01-30,2016-01-31 20:16:38 UTC,531,Likely Voters - Democrat,Internet,52,40,,,,2,,,http://elections.huffingtonpost.com/pollster/polls/yougov-economist-23634,https://today.yougov.com/news/2016/01/31/americans-expect-trump-clinton-victories-ahead-iow/,Nonpartisan,None
IBD/TIPP,2016-01-22,2016-01-27,2016-01-28 20:46:50 UTC,349,Registered Voters - Democrat,Live Phone,50,38,,,,2,,5,http://elections.huffingtonpost.com/pollster/polls/ibd-tipp-23624,http://www.investors.com/politics/trumps-lead-shrinks-as-attacks-on-cruz-appear-to-backfire-poll/,Nonpartisan,None
ABC/Post,2016-01-21,2016-01-24,2016-01-27 12:20:22 UTC,406,Registered Voters - Democrat,Live Phone,55,36,,,,4,,3,http://elections.huffingtonpost.com/pollster/polls/abc-post-23602,http://apps.washingtonpost.com/g/page/politics/washington-post-abc-news-poll-jan-21-24-2016-election-and-politics/1941/,Nonpartisan,None
CNN,2016-01-21,2016-01-24,2016-01-26 00:28:17 UTC,440,Registered Voters - Democrat,Live Phone,52,38,,,,2,,2,http://elections.huffingtonpost.com/pollster/polls/cnn-23589,http://www.cnn.com/2016/01/25/politics/democrats-poll-full-results-cnn-orc/index.html,Nonpartisan,None
Morning Consult,2016-01-21,2016-01-24,2016-01-26 20:19:29 UTC,1797,Registered Voters - Democrat,Internet,48,31,,,,2,,12,http://elections.huffingtonpost.com/pollster/polls/morning-consult-23600,http://big.assets.huffingtonpost.com/160103_topline_trend_v4_TS.pdf,Nonpartisan,None
Public Religion Research Institute,2016-01-20,2016-01-24,2016-01-28 00:32:10 UTC,463,Adults - Democrat,Live Phone,51,33,,,,3,,11,http://elections.huffingtonpost.com/pollster/polls/public-religion-research-institute-23613,http://publicreligion.org/research/2016/01/survey-trump-gains-ground-with-white-evangelical-voters-solidifies-lead-with-republican-voters-nationwide/#.VqlgIDYdXdl,Nonpartisan,None
NBC/SurveyMonkey,2016-01-18,2016-01-24,2016-01-26 20:10:37 UTC,2780,Registered Voters - Democrat,Internet,51,37,,,,2,,1,http://elections.huffingtonpost.com/pollster/polls/nbc-surveymonkey-23599,http://www.nbcnews.com/politics/2016-election/hillary-clinton-donald-trump-maintain-national-leads-poll-n504131,Nonpartisan,None
FOX,2016-01-18,2016-01-21,2016-01-25 23:21:24 UTC,375,Likely Voters - Democrat,Live Phone,49,37,,,,1,,10,http://elections.huffingtonpost.com/pollster/polls/fox-23588,http://www.foxnews.com/politics/2016/01/25/fox-news-poll-clinton-drops-below-50-percent-as-her-lead-over-sanders-shrinks.html,Nonpartisan,None
Zogby (Internet),2016-01-19,2016-01-20,2016-01-24 22:21:57 UTC,373,Likely Voters - Democrat,Internet,49,27,,,,10,,14,http://elections.huffingtonpost.com/pollster/polls/zogby-internet-23575,http://www.forbes.com/sites/johnzogby/2016/01/24/clinton-leads-sanders-by-22-omalley-at-10-new-zogby-poll/#5ac96b4d6e1d,Nonpartisan,None
Ipsos/Reuters,2016-01-16,2016-01-20,2016-01-21 15:54:49 UTC,629,Adults - Democrat,Internet,54,35,,,,4,,7,http://elections.huffingtonpost.com/pollster/polls/ipsos-reuters-23542,http://www.ipsos-na.com/download/pr.aspx?id=15256,Nonpartisan,None
YouGov/Economist,2016-01-15,2016-01-19,2016-01-21 13:23:27 UTC,533,Likely Voters - Democrat,Internet,50,41,,,,2,,5,http://elections.huffingtonpost.com/pollster/polls/yougov-economist-23539,https://d25d2506sfb94s.cloudfront.net/cumulus_uploads/document/ps6zskmuwy/econTabReport.pdf,Nonpartisan,None
Monmouth University,2016-01-15,2016-01-18,2016-01-19 17:15:25 UTC,352,Registered Voters - Democrat,Live Phone,52,37,,,,2,,8,http://elections.huffingtonpost.com/pollster/polls/monmouth-university-23523,http://www.monmouth.edu/assets/0/32212254770/32212254991/32212254992/32212254994/32212254995/30064771087/4d7b2106-b632-4b79-a6ed-7afc73902d4c.pdf,Nonpartisan,None
Morning Consult,2016-01-14,2016-01-17,2016-01-19 19:11:34 UTC,1805,Registered Voters - Democrat,Internet,54,30,,,,2,,10,http://elections.huffingtonpost.com/pollster/polls/morning-consult-23526,http://morningconsult.com/wp-content/uploads/2016/01/160102_Topline-Trend.pdf,Nonpartisan,None
NBC/SurveyMonkey,2016-01-11,2016-01-17,2016-01-19 18:44:51 UTC,3259,Registered Voters - Democrat,Internet,52,36,,,,1,,9,http://elections.huffingtonpost.com/pollster/polls/nbc-surveymonkey-23524,http://big.assets.huffingtonpost.com/NBCNewsSurveyMonkeyWeeklyToplines11116_11716.pdf,Nonpartisan,None
Ipsos/Reuters,2016-01-09,2016-01-13,2016-01-14 16:55:11 UTC,696,Adults - Democrat,Internet,54,35,,,,4,,8,http://elections.huffingtonpost.com/pollster/polls/ipsos-reuters-23501,http://www.ipsos-na.com/download/pr.aspx?id=15242,Nonpartisan,None
NBC/WSJ,2016-01-09,2016-01-13,2016-01-17 14:29:52 UTC,400,Likely Voters - Democrat,Live Phone,59,34,,,,2,,,http://elections.huffingtonpost.com/pollster/polls/nbc-wsj-23507,http://www.scribd.com/doc/295919133/NBC-WSJ-January-Poll,Nonpartisan,None
YouGov/Economist,2016-01-09,2016-01-11,2016-01-19 23:14:04 UTC,620,Likely Voters - Democrat,Internet,58,33,,,,3,,5,http://elections.huffingtonpost.com/pollster/polls/yougov-economist-23528,https://d25d2506sfb94s.cloudfront.net/cumulus_uploads/document/lrc8ks7rrj/toplines_DEM_PRIMARY_20160113.pdf,Nonpartisan,None
Gravis Marketing/One America News,2016-01-10,2016-01-10,2016-01-12 03:26:32 UTC,890,Likely Voters - Democrat,Automated Phone,65,26,,,,9,,,http://elections.huffingtonpost.com/pollster/polls/gravis-marketing-one-america-news-23477,http://www.oann.com/pollresults/,Sponsor,Rep
Morning Consult,2016-01-08,2016-01-10,2016-01-14 16:33:59 UTC,909,Registered Voters - Democrat,Internet,49,32,,,,3,,10,http://elections.huffingtonpost.com/pollster/polls/morning-consult-23500,http://morningconsult.com/polls/new-poll-gop-candidates-face-low-favorability-ratings-ahead-of-debate/?utm_source=hs_email&utm_medium=email&utm_content=25265250&_hsenc=p2ANqtz-9-cm8pRQBX8B6j_igFKoPXMWvQjBelSqzLEhIWpg6c_8kNzurG16MG-LgaJBqcv2OCbhL5yDGm1rJ8i,Nonpartisan,None
CBS/Times,2016-01-07,2016-01-10,2016-01-12 23:50:01 UTC,389,Likely Voters - Democrat,Live Phone,48,41,,,,2,,6,http://elections.huffingtonpost.com/pollster/polls/cbs-times-23488,https://assets.documentcloud.org/documents/2684506/poll.pdf,Nonpartisan,None
NBC/SurveyMonkey,2016-01-04,2016-01-10,2016-01-12 16:31:24 UTC,2619,Registered Voters - Democrat,Internet,52,37,,,,2,,1,http://elections.huffingtonpost.com/pollster/polls/nbc-surveymonkey-23479,http://msnbcmedia.msn.com/i/MSNBC/Sections/A_Politics/NBCSurveyMonkeyMethodologyJanuary11.pdf,Nonpartisan,None
IBD/TIPP,2016-01-04,2016-01-08,2016-01-11 14:07:44 UTC,397,Registered Voters - Democrat,Live Phone,43,39,,,,2,,9,http://elections.huffingtonpost.com/pollster/polls/ibd-tipp-23468,http://big.assets.huffingtonpost.com/ibdtippjanuarypoll.pdf,Nonpartisan,None
FOX,2016-01-04,2016-01-07,2016-01-08 23:44:48 UTC,360,Likely Voters - Democrat,Live Phone,54,39,,,,3,,2,http://elections.huffingtonpost.com/pollster/polls/fox-23457,http://www.foxnews.com/politics/interactive/2016/01/08/fox-news-poll-national-presidential-race-obama-ratings/,Nonpartisan,None
Ipsos/Reuters,2016-01-02,2016-01-06,2016-01-07 17:18:01 UTC,709,Adults - Democrat,Internet,58,30,,,,3,,9,http://elections.huffingtonpost.com/pollster/polls/ipsos-reuters-23449,http://www.ipsos-na.com/news-polls/pressrelease.aspx?id=7105,Nonpartisan,None
YouGov/Economist,2015-12-31,2016-01-06,2016-01-10 22:15:48 UTC,533,Likely Voters - Democrat,Internet,54,37,,,,3,,4,http://elections.huffingtonpost.com/pollster/polls/yougov-economist-23466,https://d25d2506sfb94s.cloudfront.net/cumulus_uploads/document/kkv0bg7tc3/econTabReport.pdf,Nonpartisan,None
NBC/SurveyMonkey,2015-12-28,2016-01-03,2016-01-05 13:21:29 UTC,1060,Registered Voters - Democrat,Internet,53,36,,,,2,,8,http://elections.huffingtonpost.com/pollster/polls/nbc-surveymonkey-23438,http://www.scribd.com/doc/294643292/NBC-News-SurveyMonkey-Weekly-Election-Tracking-Poll,Nonpartisan,None
Ipsos/Reuters,2015-12-26,2015-12-30,2015-12-31 18:03:07 UTC,825,Adults - Democrat,Internet,57,32,,,,3,,8,http://elections.huffingtonpost.com/pollster/polls/ipsos-reuters-23429,http://www.ipsos-na.com/download/pr.aspx?id=15198,Nonpartisan,None
Ipsos/Reuters,2015-12-19,2015-12-23,2015-12-24 02:46:55 UTC,603,Adults - Democrat,Internet,58,31,,,,4,,7,http://elections.huffingtonpost.com/pollster/polls/ipsos-reuters-23413,http://big.assets.huffingtonpost.com/2015ReutersTrackingCorePolitical122315.pdf,Nonpartisan,None
Rasmussen,2015-12-20,2015-12-21,2015-12-22 21:00:14 UTC,546,Likely Voters - Democrat,Automated Phone,46,30,,,,7,,7,http://elections.huffingtonpost.com/pollster/polls/rasmussen-23402,http://www.rasmussenreports.com/public_content/politics/elections/election_2016/clinton_loses_ground_in_democratic_primary_race,Nonpartisan,None
YouGov/Economist,2015-12-18,2015-12-21,2015-12-28 15:19:13 UTC,565,Likely Voters - Democrat,Internet,53,39,,,,2,,4,http://elections.huffingtonpost.com/pollster/polls/yougov-economist-23414,https://d25d2506sfb94s.cloudfront.net/cumulus_uploads/document/88txvi0ixm/econTabReport.pdf,Nonpartisan,None
CNN,2015-12-17,2015-12-21,2015-12-23 21:20:00 UTC,414,Registered Voters - Democrat,Live Phone,50,34,,,,3,,5,http://elections.huffingtonpost.com/pollster/polls/cnn-23412,http://i2.cdn.turner.com/cnn/2015/images/12/23/cnnpoll2.pdf,Nonpartisan,None
Emerson College Polling Society,2015-12-17,2015-12-20,2015-12-21 16:37:14 UTC,332,Likely Voters - Democrat,Automated Phone,65,26,,,,2,,4,http://elections.huffingtonpost.com/pollster/polls/emerson-college-polling-society-23395,http://media.wix.com/ugd/3bebb2_b85d13974aeb4901bd68916b963cea3c.pdf,Nonpartisan,None
Quinnipiac,2015-12-16,2015-12-20,2015-12-22 14:45:28 UTC,462,Registered Voters - Democrat,Live Phone,61,30,,,,2,,7,http://elections.huffingtonpost.com/pollster/polls/quinnipiac-23400,http://www.quinnipiac.edu/images/polling/us/us12222015_Uhkm63g.pdf,Nonpartisan,None
FOX,2015-12-16,2015-12-17,2015-12-18 23:04:23 UTC,390,Likely Voters - Democrat,Live Phone,56,34,,,,2,,4,http://elections.huffingtonpost.com/pollster/polls/fox-23385,http://www.foxnews.com/politics/interactive/2015/12/18/fox-news-poll-2016-gop-race-trump-muslim-ban-terrorism-isis/,Nonpartisan,None
PPP (D),2015-12-16,2015-12-17,2015-12-18 19:53:22 UTC,525,Likely Voters - Democrat,IVR/Online,56,28,,,,9,,7,http://elections.huffingtonpost.com/pollster/polls/ppp-d-23381,http://www.publicpolicypolling.com/main/2015/12/trump-leads-grows-nationally-41-of-his-voters-want-to-bomb-country-from-aladdin-clinton-maintains-bi.html#more,Pollster,Dem
Ipsos/Reuters,2015-12-12,2015-12-16,2015-12-17 18:34:40 UTC,765,Adults - Democrat,Internet,58,29,,,,3,,10,http://elections.huffingtonpost.com/pollster/polls/ipsos-reuters-23361,http://ipsos-na.com/download/pr.aspx?id=15168,Nonpartisan,None
Morning Consult,2015-12-11,2015-12-15,2015-12-15 20:45:27 UTC,1790,Registered Voters - Democrat,Internet,52,27,,,,2,,12,http://elections.huffingtonpost.com/pollster/polls/morning-consult-23333,http://morningconsult.com/wp-content/uploads/2015/12/151203_topline_trend_v2_TS.pdf?utm_source=hs_email&utm_medium=email&utm_content=24620275&_hsenc=p2ANqtz-9FS5yYUXPUx8AgoTanLz5Hv07FfMvEZ4CXeM39WCEXchxulffgA8QjhYV4IkgyKQzFUOTlSQ0rWe2RATcIvqg0jJ3Pg6ztvBuj,Nonpartisan,None
ABC/Post,2015-12-10,2015-12-13,2015-12-18 12:17:41 UTC,377,Registered Voters - Democrat,Live Phone,59,28,,,,5,,8,http://elections.huffingtonpost.com/pollster/polls/abc-post-23378,http://apps.washingtonpost.com/g/page/politics/washington-post-abc-news-poll-dec-10-13-2015/1914/,Nonpartisan,None
Monmouth University,2015-12-10,2015-12-13,2015-12-16 16:37:42 UTC,374,Registered Voters - Democrat,Live Phone,59,26,,,,4,,11,http://elections.huffingtonpost.com/pollster/polls/monmouth-university-23335,http://www.monmouth.edu/assets/0/32212254770/32212254991/32212254992/32212254994/32212254995/30064771087/886fdcf9-30c4-4b42-bf69-7abb6729418b.pdf,Nonpartisan,None
NBC/WSJ,2015-12-06,2015-12-09,2015-12-14 13:45:41 UTC,400,Likely Voters - Democrat,Live Phone,56,37,,,,4,,3,http://elections.huffingtonpost.com/pollster/polls/nbc-wsj-23315,http://msnbcmedia.msn.com/i/MSNBC/Sections/A_Politics/15564%20NBCWSJ%20December%20Poll%20(AM%2012-14-15%20Release).pdf,Nonpartisan,None
Ipsos/Reuters,2015-12-05,2015-12-09,2015-12-10 16:16:52 UTC,573,Adults - Democrat,Internet,56,30,,,,5,,9,http://elections.huffingtonpost.com/pollster/polls/ipsos-reuters-23297,http://ipsos-na.com/download/pr.aspx?id=15156,Nonpartisan,None
YouGov/Economist,2015-12-04,2015-12-09,2015-12-10 20:02:45 UTC,647,Likely Voters - Democrat,Internet,56,35,,,,2,,5,http://elections.huffingtonpost.com/pollster/polls/yougov-economist-23301,https://d25d2506sfb94s.cloudfront.net/cumulus_uploads/document/hwgsf7db3f/econTabReport.pdf,Nonpartisan,None
Gravis Marketing/One America News,2015-12-07,2015-12-08,2015-12-10 19:44:46 UTC,731,Likely Voters - Democrat,Automated Phone,62,30,,,,9,,,http://elections.huffingtonpost.com/pollster/polls/gravis-marketing-one-america-news-23300,http://www.oann.com/pollresults/,Sponsor,Rep
CBS/Times,2015-12-04,2015-12-08,2015-12-10 13:16:24 UTC,384,Likely Voters - Democrat,Live Phone,52,32,,,,2,,9,http://elections.huffingtonpost.com/pollster/polls/cbs-times-23294,http://www.scribd.com/doc/292891756/CBS-News-New-York-Times-Poll-December-4-8-2015-Toplines,Nonpartisan,None
Morning Consult,2015-12-03,2015-12-07,2015-12-08 22:24:57 UTC,808,Registered Voters - Democrat,Internet,52,23,,,,2,,14,http://elections.huffingtonpost.com/pollster/polls/morning-consult-23281,http://morningconsult.com/wp-content/uploads/2015/12/151201_topline_trend_v3.pdf,Nonpartisan,None
Public Religion Research Institute,2015-12-02,2015-12-06,2015-12-10 16:08:19 UTC,463,Registered Voters - Democrat,Live Phone,52,31,,,,4,,13,http://elections.huffingtonpost.com/pollster/polls/public-religion-research-institute-23296,http://publicreligion.org/site/wp-content/uploads/2015/12/December-2015-PRRI-RNS-Topline1.pdf,Nonpartisan,None
Suffolk/USA Today,2015-12-02,2015-12-06,2015-12-08 20:23:37 UTC,363,Likely Voters - Democrat,Live Phone,56,29,,,,4,,11,http://elections.huffingtonpost.com/pollster/polls/suffolk-usa-today-23278,http://www.suffolk.edu/academics/10741.php,Nonpartisan,None
IBD/TIPP,2015-11-30,2015-12-04,2015-12-07 14:56:48 UTC,392,Registered Voters - Democrat,Live Phone,51,33,,,,1,,8,http://elections.huffingtonpost.com/pollster/polls/ibd-tipp-23266,http://big.assets.huffingtonpost.com/ToplineIBDTIPPDec2015.pdf,Nonpartisan,None
Ipsos/Reuters,2015-11-28,2015-12-02,2015-12-03 17:32:37 UTC,430,Adults - Democrat,Internet,51,36,,,,4,,10,http://elections.huffingtonpost.com/pollster/polls/ipsos-reuters-23252,http://www.ipsos-na.com/download/pr.aspx?id=15124,Nonpartisan,None
CNN,2015-11-27,2015-12-01,2015-12-04 19:25:19 UTC,403,Registered Voters - Democrat,Live Phone,58,30,,,,2,,3,http://elections.huffingtonpost.com/pollster/polls/cnn-23260,http://www.cnn.com/2015/12/04/politics/full-results-poll-democrats-2016/index.html,Nonpartisan,None
Quinnipiac,2015-11-23,2015-11-30,2015-12-02 12:04:16 UTC,573,Registered Voters - Democrat,Live Phone,60,30,,,,2,,7,http://elections.huffingtonpost.com/pollster/polls/quinnipiac-23247,http://www.quinnipiac.edu/news-and-events/quinnipiac-university-poll/national/release-detail?ReleaseID=2307,Nonpartisan,None
Ipsos/Reuters,2015-11-21,2015-11-25,2015-11-25 20:56:33 UTC,362,Adults - Democrat,Internet,58,30,,,,6,,8,http://elections.huffingtonpost.com/pollster/polls/ipsos-reuters-23238,http://big.assets.huffingtonpost.com/2015ReutersTrackingCorePolitical112515.pdf,Nonpartisan,None
Gravis Marketing/One America News,2015-11-23,2015-11-23,2015-11-25 15:31:26 UTC,528,Likely Voters - Democrat,Automated Phone,59,32,,,,8,,,http://elections.huffingtonpost.com/pollster/polls/gravis-marketing-one-america-news-23235,http://www.oann.com/pollnational/,Sponsor,Rep
YouGov/Economist,2015-11-19,2015-11-23,2015-11-25 14:14:12 UTC,764,Likely Voters - Democrat,Internet,54,34,,,,4,,5,http://elections.huffingtonpost.com/pollster/polls/yougov-economist-23233,https://d25d2506sfb94s.cloudfront.net/cumulus_uploads/document/o77ie8jgv3/econTabReport.pdf,Nonpartisan,None
ABC/Post,2015-11-16,2015-11-19,2015-11-22 15:06:26 UTC,352,Registered Voters - Democrat,Live Phone,60,34,,,,3,,2,http://elections.huffingtonpost.com/pollster/polls/abc-post-23206,http://apps.washingtonpost.com/g/page/politics/washington-post-abc-news-poll-nov-15-19-2015/1880/,Nonpartisan,None
FOX,2015-11-16,2015-11-19,2015-11-22 15:14:04 UTC,366,Likely Voters - Democrat,Live Phone,55,32,,,,3,,5,http://elections.huffingtonpost.com/pollster/polls/fox-23207,http://www.foxnews.com/politics/interactive/2015/11/20/fox-news-poll-2016-matchups-syrian-refugees/,Nonpartisan,None
Ipsos/Reuters,2015-11-14,2015-11-18,2015-11-19 18:29:31 UTC,1275,Adults - Democrat,Internet,52,31,,,,4,,13,http://elections.huffingtonpost.com/pollster/polls/ipsos-reuters-23182,http://ipsos-na.com/download/pr.aspx?id=15090,Nonpartisan,None
PPP (D),2015-11-16,2015-11-17,2015-11-19 15:02:32 UTC,538,Likely Voters - Democrat,IVR/Online,59,26,,,,7,,8,http://elections.huffingtonpost.com/pollster/polls/ppp-d-23174,http://www.publicpolicypolling.com/pdf/2015/PPP_Release_National_111915.pdf,Pollster,Dem
Bloomberg/Selzer,2015-11-15,2015-11-17,2015-11-20 14:05:32 UTC,385,Registered Voters - Democrat,Live Phone,55,30,,,,3,,8,http://elections.huffingtonpost.com/pollster/polls/bloomberg-selzer-23194,http://www.scribd.com/doc/290424533/Bloomberg-Politics-national-poll-Nov-20-2015,Nonpartisan,None
NBC/SurveyMonkey,2015-11-15,2015-11-17,2015-11-20 14:17:19 UTC,1983,Registered Voters - Democrat,Internet,49,33,,,,1,,11,http://elections.huffingtonpost.com/pollster/polls/nbc-surveymonkey-23196,http://www.nbcnews.com/politics/2016-election/poll-hillary-clinton-holds-steady-support-among-democrats-n466641,Nonpartisan,None
Morning Consult,2015-11-13,2015-11-16,2015-11-17 15:45:58 UTC,874,Registered Voters - Democrat,Internet,57,26,,,,2,,9,http://elections.huffingtonpost.com/pollster/polls/morning-consult-23158,http://morningconsult.com/wp-content/uploads/2015/11/MC-Tracking-Poll-Toplines-November-13-16-2015.pdf,Nonpartisan,None
Ipsos/Reuters,2015-11-07,2015-11-11,2015-11-17 21:36:06 UTC,609,Adults - Democrat,Internet,51,35,,,,3,,10,http://elections.huffingtonpost.com/pollster/polls/ipsos-reuters-23166,http://www.ipsos-na.com/download/pr.aspx?id=15085,Nonpartisan,None
CBS/Times,2015-11-06,2015-11-10,2015-11-12 14:44:59 UTC,418,Likely Voters - Democrat,Live Phone,52,33,,,,5,,,http://elections.huffingtonpost.com/pollster/polls/cbs-times-23120,http://www.nytimes.com/politics/first-draft/2015/11/12/poll-shows-hillary-clinton-maintaining-lead-over-sanders/,Nonpartisan,None
Public Religion Research Institute,2015-11-06,2015-11-10,2015-11-23 16:21:55 UTC,145,Likely Voters - Democrat,Live Phone,62,29,,,,2,,5,http://elections.huffingtonpost.com/pollster/polls/public-religion-research-institute-23214,http://big.assets.huffingtonpost.com/AVS-2015-Election-Supplement-Topline.pdf,Nonpartisan,None
YouGov/Economist,2015-11-05,2015-11-09,2015-11-10 19:09:31 UTC,658,Registered Voters - Democrat,Internet,59,31,,,0,2,,6,http://elections.huffingtonpost.com/pollster/polls/yougov-economist-23108,https://d25d2506sfb94s.cloudfront.net/cumulus_uploads/document/1hhz66took/econToplines.pdf,Nonpartisan,None
Morning Consult,2015-11-05,2015-11-08,2015-11-10 17:55:28 UTC,1739,Registered Voters - Democrat,Internet,54,28,,,,3,,8,http://elections.huffingtonpost.com/pollster/polls/morning-consult-23107,http://big.assets.huffingtonpost.com/151102toplinesmorningconsult.pdf,Nonpartisan,None
Ipsos/Reuters,2015-10-31,2015-11-04,2015-11-05 18:36:49 UTC,629,Adults - Democrat,Internet,57,28,,,,6,,9,http://elections.huffingtonpost.com/pollster/polls/ipsos-reuters-23076,http://www.ipsos-na.com/download/pr.aspx?id=15026,Nonpartisan,None
McClatchy/Marist,2015-10-29,2015-11-04,2015-11-13 21:32:48 UTC,511,Registered Voters - Democrat,Live Phone,57,35,,,,4,,4,http://elections.huffingtonpost.com/pollster/polls/mcclatchy-marist-23138,http://maristpoll.marist.edu/wp-content/misc/usapolls/us151029/DEMS_2016/McClatchy_Marist%20Poll_DEM%20Primary%202016_Survey%20Findings_Nature%20of%20the%20Sample%20and%20Tables_November%202015.pdf,Nonpartisan,None
FOX,2015-11-01,2015-11-03,2015-11-04 23:23:33 UTC,505,Likely Voters - Democrat,Live Phone,56,31,,,,2,,4,http://elections.huffingtonpost.com/pollster/polls/fox-23061,http://www.foxnews.com/politics/interactive/2015/10/13/fox-news-poll-biden-more-electable-than-clinton/,Nonpartisan,None
USC/LA Times/SurveyMonkey,2015-10-29,2015-11-03,2015-11-09 16:34:14 UTC,1242,Registered Voters - Democrat,Internet,48,28,,,1,2,,19,http://elections.huffingtonpost.com/pollster/polls/usc-la-times-surveymonkey-23085,http://dornsife.usc.edu/usc-dornsife-los-angeles-times-poll/,Nonpartisan,None
Quinnipiac,2015-10-29,2015-11-02,2015-11-04 16:23:42 UTC,480,Registered Voters - Democrat,Live Phone,53,35,,,1,0,,11,http://elections.huffingtonpost.com/pollster/polls/quinnipiac-23059,http://www.quinnipiac.edu/news-and-events/quinnipiac-university-poll/national/release-detail?ReleaseID=2299,Nonpartisan,None
Morning Consult,2015-10-29,2015-11-01,2015-11-03 20:26:04 UTC,1015,Registered Voters - Democrat,Internet,56,26,,,,2,,10,http://elections.huffingtonpost.com/pollster/polls/morning-consult-23056,http://morningconsult.com/polls/new-poll-jeb-bushs-popularity-problem-trump-down-for-second-consecutive-week/,Nonpartisan,None
NBC/SurveyMonkey,2015-10-27,2015-10-29,2015-10-30 17:13:59 UTC,1226,Registered Voters - Democrat,Internet,50,30,,,1,1,,12,http://elections.huffingtonpost.com/pollster/polls/nbc-surveymonkey-23030,http://www.scribd.com/doc/287908155/Toplines-Questions-1,Nonpartisan,None
NBC/WSJ,2015-10-25,2015-10-29,2015-11-03 16:49:49 UTC,400,Likely Voters - Democrat,Live Phone,62,31,,,,3,,3,http://elections.huffingtonpost.com/pollster/polls/nbc-wsj-23052,http://msnbcmedia.msn.com/i/MSNBC/Sections/A_Politics/15463%20NBCWSJ%20Late%20October%20Poll%2011-3-15%20Release.pdf,Nonpartisan,None
IBD/TIPP,2015-10-24,2015-10-29,2015-10-31 23:04:27 UTC,356,Registered Voters - Democrat,Live Phone,48,33,,,,2,,,http://elections.huffingtonpost.com/pollster/polls/ibd-tipp-23039,http://news.investors.com/ibd-editorials-polls/103015-778378-donald-trump-leads-ben-carson-second-in-ibd-tipp-poll.htm,Nonpartisan,None
Ipsos/Reuters,2015-10-24,2015-10-28,2015-10-29 16:44:01 UTC,676,Adults - Democrat,Internet,53,33,,,,2,,12,http://elections.huffingtonpost.com/pollster/polls/ipsos-reuters-23026,http://www.ipsos-na.com/download/pr.aspx?id=15018,Nonpartisan,None
YouGov/Economist,2015-10-23,2015-10-27,2015-10-28 18:21:17 UTC,654,Registered Voters - Democrat,Internet,61,29,,,1,2,,6,http://elections.huffingtonpost.com/pollster/polls/yougov-economist-23013,https://d25d2506sfb94s.cloudfront.net/cumulus_uploads/document/uobybjo8zg/econToplines.pdf,Nonpartisan,None
Gravis Marketing/One America News,2015-10-26,2015-10-26,2015-10-27 22:23:40 UTC,1037,Registered Voters - Democrat,Automated Phone,58,16,,,,3,,24,http://elections.huffingtonpost.com/pollster/polls/gravis-marketing-one-america-news-23005,http://www.oann.com/pollnational/,Sponsor,Rep
Morning Consult,2015-10-22,2015-10-25,2015-10-26 21:12:38 UTC,688,Registered Voters - Democrat,Internet,53,26,,,,5,,10,http://elections.huffingtonpost.com/pollster/polls/morning-consult-22994,http://morningconsult.com/wp-content/uploads/2015/10/151006_topline_trend_v2_AP.pdf,Nonpartisan,None
Ipsos/Reuters,2015-10-17,2015-10-21,2015-10-23 17:26:32 UTC,873,Adults - Democrat,Internet,45,29,16,1,,1,,9,http://elections.huffingtonpost.com/pollster/polls/ipsos-reuters-22974,http://www.ipsos-na.com/news-polls/pressrelease.aspx?id=7015,Nonpartisan,None
Morning Consult,2015-10-15,2015-10-19,2015-10-20 17:31:31 UTC,895,Registered Voters - Democrat,Internet,56,24,,1,,1,1,12,http://elections.huffingtonpost.com/pollster/polls/morning-consult-22950,http://morningconsult.com/wp-content/uploads/2015/10/151005_topline_trend_v2_TS.pdf,Nonpartisan,None
ABC/Post,2015-10-15,2015-10-18,2015-10-20 14:01:48 UTC,444,Registered Voters - Democrat,Live Phone,54,23,16,0,,1,1,5,http://elections.huffingtonpost.com/pollster/polls/abc-post-22942,http://apps.washingtonpost.com/g/page/politics/washington-post-abc-news-poll-oct-15-18-2015/1852/,Nonpartisan,None
Monmouth University,2015-10-15,2015-10-18,2015-10-19 16:48:54 UTC,340,Registered Voters - Democrat,Live Phone,48,21,17,0,1,1,1,12,http://elections.huffingtonpost.com/pollster/polls/monmouth-university-22939,http://www.monmouth.edu/assets/0/32212254770/32212254991/32212254992/32212254994/32212254995/30064771087/4f03d197-5cae-42a6-b47a-0c1a4aeb7b6f.pdf,Nonpartisan,None
NBC/WSJ,2015-10-15,2015-10-18,2015-10-20 13:55:51 UTC,400,Likely Voters - Democrat,Live Phone,49,29,15,0,,1,2,4,http://elections.huffingtonpost.com/pollster/polls/nbc-wsj-22941,http://www.scribd.com/doc/286132150/15462-NBCWSJ-Oct-Poll-Final,Nonpartisan,None
Emerson College Polling Society,2015-10-16,2015-10-17,2015-10-20 18:55:01 UTC,390,Likely Voters - Democrat,Automated Phone,68,20,,0,,3,1,6,http://elections.huffingtonpost.com/pollster/polls/emerson-college-polling-society-22951,http://big.assets.huffingtonpost.com/ECPS_POTUS_10.19.pdf,Nonpartisan,None
CNN,2015-10-14,2015-10-17,2015-10-19 13:51:22 UTC,425,Registered Voters - Democrat,Live Phone,45,29,18,0,0,0,1,5,http://elections.huffingtonpost.com/pollster/polls/cnn-22934,http://www.cnn.com/2015/10/19/politics/cnn-orc-poll-hillary-clinton-bernie-sanders-democratic-debate/index.html,Nonpartisan,None
NBC/SurveyMonkey,2015-10-13,2015-10-15,2015-10-16 20:53:14 UTC,1857,Registered Voters - Democrat,Internet,45,31,10,0,0,1,1,9,http://elections.huffingtonpost.com/pollster/polls/nbc-surveymonkey-22931,http://www.scribd.com/doc/285396771/NBC-SurveyMonkey-ToplinesMethod10-15,Nonpartisan,None
Ipsos/Reuters,2015-10-10,2015-10-14,2015-10-16 21:05:43 UTC,530,Adults - Democrat,Internet,51,24,16,1,,2,,6,http://elections.huffingtonpost.com/pollster/polls/ipsos-reuters-22933,http://ipsos-na.com/news-polls/pressrelease.aspx?id=7027,Nonpartisan,None
FOX,2015-10-10,2015-10-12,2015-10-13 16:22:25 UTC,353,Likely Voters - Democrat,Live Phone,45,25,19,0,0,1,0,5,http://elections.huffingtonpost.com/pollster/polls/fox-22904,http://www.foxnews.com/politics/interactive/2015/10/13/fox-news-poll-biden-more-electable-than-clinton/,Nonpartisan,None
Morning Consult,2015-10-08,2015-10-12,2015-10-13 15:48:47 UTC,826,Registered Voters - Democrat,Internet,54,22,,1,,1,1,15,http://elections.huffingtonpost.com/pollster/polls/morning-consult-22902,http://morningconsult.com/2015/10/ahead-of-debate-clinton-lead-grows/,Nonpartisan,None
YouGov/Economist,2015-10-08,2015-10-12,2015-10-14 21:28:25 UTC,633,Registered Voters - Democrat,Internet,48,23,20,1,1,2,0,6,http://elections.huffingtonpost.com/pollster/polls/yougov-economist-22919,https://today.yougov.com/news/2015/10/14/whats-happened-jeb-bush/,Nonpartisan,None
CBS,2015-10-04,2015-10-08,2015-10-12 15:48:21 UTC,311,Registered Voters - Democrat,Live Phone,46,27,16,0,0,0,2,5,http://elections.huffingtonpost.com/pollster/polls/cbs-22888,http://www.scribd.com/doc/284425884/CBS-News-poll-2016-Democratic-presidential-campaign,Nonpartisan,None
Ipsos/Reuters,2015-10-03,2015-10-07,2015-10-08 14:41:05 UTC,640,Adults - Democrat,Internet,44,27,18,1,,2,,8,http://elections.huffingtonpost.com/pollster/polls/ipsos-reuters-22871,http://ipsos-na.com/download/pr.aspx?id=14945,Nonpartisan,None
Morning Consult,2015-10-02,2015-10-05,2015-10-06 21:34:11 UTC,827,Registered Voters - Democrat,Internet,48,27,,2,,1,1,13,http://elections.huffingtonpost.com/pollster/polls/morning-consult-22858,http://morningconsult.com/wp-content/uploads/2015/10/151001_topline_trend_v1_AP.pdf,Nonpartisan,None
Fairleigh Dickinson,2015-10-01,2015-10-05,2015-10-08 22:22:35 UTC,339,Registered Voters - Democrat,Live Phone,45,23,17,0,0,1,1,10,http://elections.huffingtonpost.com/pollster/polls/fairleigh-dickinson-22878,http://view2.fdu.edu/publicmind/2015/151008/,Nonpartisan,None
PPP (D),2015-10-01,2015-10-04,2015-10-06 15:30:32 UTC,551,Likely Voters - Democrat,IVR/Online,42,24,20,1,0,1,2,9,http://elections.huffingtonpost.com/pollster/polls/ppp-d-22854,http://www.publicpolicypolling.com/pdf/2015/PPP_Release_NationalDems_100615.pdf,Pollster,Dem
Public Religion Research Institute,2015-09-11,2015-10-04,2015-11-23 17:38:53 UTC,388,Likely Voters - Democrat,Live Phone,55,17,23,,,0,1,2,http://elections.huffingtonpost.com/pollster/polls/public-religion-research-institute-23215,http://big.assets.huffingtonpost.com/American-Values-Survey-2015-Topline1.pdf,Nonpartisan,None
Gravis Marketing/One America News,2015-09-30,2015-10-01,2015-10-07 17:07:13 UTC,1021,Likely Voters - Democrat,Automated Phone,44,25,23,2,,2,3,,http://elections.huffingtonpost.com/pollster/polls/gravis-marketing-one-america-news-22863,http://www.prnewswire.com/news-releases/trump-dominates-one-america-news-networks-national-poll-300153522.html,Sponsor,Rep
IBD/TIPP,2015-09-26,2015-10-01,2015-10-05 15:55:07 UTC,344,Registered Voters - Democrat,Live Phone,42,18,22,,,,,,http://elections.huffingtonpost.com/pollster/polls/ibd-tipp-22844,http://news.investors.com/ibd-editorials-polls/100215-773897-donald-trump-trails-ben-carson-in-ibd-tipp-poll.htm?ref=HPLNewshttp://news.investors.com/ibd-editorials-polls/100215-773897-donald-trump-trails-ben-carson-in-ibd-tipp-poll.htm?ref=HPLNews,Nonpartisan,None
Ipsos/Reuters,2015-09-26,2015-09-30,2015-10-02 16:48:00 UTC,511,Adults - Democrat,Internet,46,25,19,1,,1,0,6,http://elections.huffingtonpost.com/pollster/polls/ipsos-reuters-22834,http://ipsos-na.com/download/pr.aspx?id=14934,Nonpartisan,None
YouGov/Economist,2015-09-25,2015-09-29,2015-10-01 18:09:28 UTC,636,Registered Voters - Democrat,Internet,48,25,20,0,,2,1,5,http://elections.huffingtonpost.com/pollster/polls/yougov-economist-22830,http://d25d2506sfb94s.cloudfront.net/cumulus_uploads/document/8w1iq3dtp2/econToplines.pdf,Nonpartisan,None
Suffolk/USA Today,2015-09-24,2015-09-28,2015-09-30 16:27:03 UTC,430,Likely Voters - Democrat,Live Phone,41,23,20,1,0,0,0,14,http://elections.huffingtonpost.com/pollster/polls/suffolk-usa-today-22822,http://www.suffolk.edu/documents/SUPRC/10_1_2015_complete_marginals.pdf,Nonpartisan,None
Morning Consult,2015-09-24,2015-09-27,2015-09-29 19:40:45 UTC,643,Registered Voters - Democrat,Internet,44,23,19,0,,0,1,9,http://elections.huffingtonpost.com/pollster/polls/morning-consult-22813,http://morningconsult.com/2015/09/poll-biden-broadly-favorable-but-clinton-still-leads/,Nonpartisan,None
NBC/WSJ,2015-09-20,2015-09-24,2015-09-28 15:55:22 UTC,256,Likely Voters - Democrat,Live Phone,42,35,17,0,,0,1,5,http://elections.huffingtonpost.com/pollster/polls/nbc-wsj-22803,http://www.nbcnews.com/meet-the-press/nbc-wsj-poll-2016-gop-race-n433991,Nonpartisan,None
Ipsos/Reuters,2015-09-19,2015-09-23,2015-09-25 21:18:59 UTC,608,Adults - Democrat,Internet,40,30,15,0,,2,0,10,http://elections.huffingtonpost.com/pollster/polls/ipsos-reuters-22797,http://www.ipsos-na.com/download/pr.aspx?id=14901,Nonpartisan,None
FOX,2015-09-20,2015-09-22,2015-09-24 22:22:11 UTC,381,Likely Voters - Democrat,Live Phone,44,30,18,0,,2,1,3,http://elections.huffingtonpost.com/pollster/polls/fox-22789,http://www.foxnews.com/politics/interactive/2015/09/24/fox-news-poll-voters-believe-iran-deal-to-make-us-less-safe-obama-job-approval/,Nonpartisan,None
Bloomberg/Selzer,2015-09-18,2015-09-21,2015-09-23 20:05:17 UTC,375,Registered Voters - Democrat,Live Phone,33,24,25,0,,1,2,7,http://elections.huffingtonpost.com/pollster/polls/bloomberg-selzer-22782,http://images.businessweek.com/cms/2015-09-22/150923_wednesday_2121165.pdf,Nonpartisan,None
Quinnipiac,2015-09-17,2015-09-21,2015-09-24 22:15:01 UTC,587,Registered Voters - Democrat,Live Phone,43,25,18,0,0,0,0,12,http://elections.huffingtonpost.com/pollster/polls/quinnipiac-22788,http://www.quinnipiac.edu/images/polling/us/us09242015_ui47mfb.pdf,Nonpartisan,None
Morning Consult,2015-09-18,2015-09-20,2015-09-22 17:53:47 UTC,1761,Registered Voters - Democrat,Internet,49,28,,1,,2,1,13,http://elections.huffingtonpost.com/pollster/polls/morning-consult-22771,http://morningconsult.com/wp-content/uploads/2015/09/150907_topline_MERGED-trend_v2_KD.pdf,Nonpartisan,None
Zogby (Internet),2015-09-18,2015-09-19,2015-09-24 00:35:58 UTC,515,Likely Voters - Democrat,Internet,52,24,,,,3,2,19,http://elections.huffingtonpost.com/pollster/polls/zogby-internet-22785,http://www.zogbyanalytics.com/news/650-hillary-dominates-the-democratic-field-with-biden-in-or-out,Nonpartisan,None
CNN,2015-09-17,2015-09-19,2015-09-21 19:11:48 UTC,329,Registered Voters - Democrat,Live Phone,42,24,22,0,,1,0,6,http://elections.huffingtonpost.com/pollster/polls/cnn-22760,http://i2.cdn.turner.com/cnn/2015/images/09/20/dempoll.pdf,Nonpartisan,None
NBC/SurveyMonkey,2015-09-16,2015-09-18,2015-09-22 05:54:00 UTC,1774,Registered Voters - Democrat,Internet,41,29,15,0,0,1,1,9,http://elections.huffingtonpost.com/pollster/polls/nbc-surveymonkey-22767,http://msnbcmedia.msn.com/i/MSNBC/Sections/A_Politics/NBC-SM_ToplinesMethodDEMs9%2021%20(2).pdf,Nonpartisan,None
Ipsos/Reuters,2015-09-12,2015-09-16,2015-09-18 19:33:27 UTC,642,Adults - Democrat,Internet,46,25,18,0,,0,1,8,http://elections.huffingtonpost.com/pollster/polls/ipsos-reuters-22748,http://www.ipsos-na.com/download/pr.aspx?id=14883,Nonpartisan,None
YouGov/Economist,2015-09-11,2015-09-15,2015-09-18 04:06:51 UTC,651,Registered Voters - Democrat,Internet,45,26,19,1,,1,1,6,http://elections.huffingtonpost.com/pollster/polls/yougov-economist-22742,https://d25d2506sfb94s.cloudfront.net/cumulus_uploads/document/lq8iyjss0l/econToplines_v1.pdf,Nonpartisan,None
Morning Consult,2015-09-11,2015-09-13,2015-09-18 03:24:39 UTC,955,Registered Voters - Democrat,Internet,54,24,,0,,2,2,12,http://elections.huffingtonpost.com/pollster/polls/morning-consult-22738,http://morningconsult.com/wp-content/uploads/2015/09/150904_topline_trend_v1_JW.pdf,Nonpartisan,None
CBS/Times,2015-09-09,2015-09-13,2015-09-18 03:06:54 UTC,351,Likely Voters - Democrat,Live Phone,47,27,15,1,,0,1,7,http://elections.huffingtonpost.com/pollster/polls/cbs-times-22736,http://www.cbsnews.com/news/hillary-clintons-lead-over-bernie-sanders-cut-by-half-in-national-poll/,Nonpartisan,None
ABC/Post,2015-09-07,2015-09-10,2015-09-14 20:25:47 UTC,356,Registered Voters - Democrat,Live Phone,42,24,21,1,,2,1,9,http://elections.huffingtonpost.com/pollster/polls/abc-post-22723,http://www.washingtonpost.com/page/2010-2019/WashingtonPost/2015/09/14/National-Politics/Polling/release_409.xml?uuid=QelAQFqVEeWEdXgcyYUWUg,Nonpartisan,None
Ipsos/Reuters,2015-09-05,2015-09-09,2015-09-11 20:35:48 UTC,625,Adults - Democrat,Internet,42,28,14,1,,3,0,10,http://elections.huffingtonpost.com/pollster/polls/ipsos-reuters-22709,http://www.ipsos-na.com/news-polls/pressrelease.aspx?id=6984,Nonpartisan,None
Emerson College Polling Society,2015-09-05,2015-09-08,2015-09-10 18:55:35 UTC,392,Likely Voters - Democrat,Automated Phone,48,21,21,,,1,1,7,http://elections.huffingtonpost.com/pollster/polls/emerson-college-polling-society-22699,http://media.wix.com/ugd/3bebb2_539dbddeed944868b6fc58b193873b4b.pdf,Nonpartisan,None
CNN,2015-09-04,2015-09-08,2015-09-11 06:14:40 UTC,395,Registered Voters - Democrat,Live Phone,37,27,20,0,,3,2,5,http://elections.huffingtonpost.com/pollster/polls/cnn-22704,http://i2.cdn.turner.com/cnn/2015/images/09/10/demsclinton.pdf,Nonpartisan,None
Morning Consult,2015-09-04,2015-09-07,2015-09-11 01:23:37 UTC,893,Registered Voters - Democrat,Internet,51,27,,1,,1,1,13,http://elections.huffingtonpost.com/pollster/polls/morning-consult-22702,http://morningconsult.com/2015/09/poll-carson-sprints-to-second-as-trumps-lead-softens/,Nonpartisan,None
Monmouth University,2015-08-31,2015-09-02,2015-09-08 21:05:33 UTC,339,Registered Voters - Democrat,Live Phone,42,20,22,0,,1,1,14,http://elections.huffingtonpost.com/pollster/polls/monmouth-university-22682,http://www.monmouth.edu/assets/0/32212254770/32212254991/32212254992/32212254994/32212254995/30064771087/a35d9ff8-45d4-476d-8751-f0f2e6b54a7b.pdf,Nonpartisan,None
Ipsos/Reuters,2015-08-29,2015-09-02,2015-09-05 01:01:15 UTC,606,Adults - Democrat,Internet,44,24,17,1,,0,0,10,http://elections.huffingtonpost.com/pollster/polls/ipsos-reuters-22681,http://big.assets.huffingtonpost.com/2015ReutersTrackingCorePolitical9.02.15.pdf,Nonpartisan,None
YouGov/Economist,2015-08-28,2015-09-01,2015-09-04 00:23:18 UTC,647,Registered Voters - Democrat,Internet,44,25,21,0,,2,1,5,http://elections.huffingtonpost.com/pollster/polls/yougov-economist-22658,https://d25d2506sfb94s.cloudfront.net/cumulus_uploads/document/i2pntevdjk/econToplines.pdf,Nonpartisan,None
Morning Consult,2015-08-28,2015-08-30,2015-09-01 01:13:04 UTC,913,Registered Voters - Democrat,Internet,52,23,,1,,1,2,14,http://elections.huffingtonpost.com/pollster/polls/morning-consult-22639,http://morningconsult.com/2015/08/trump-clinton-lead-primary-matchups-bush-ties-carson-for-runner-up/,Nonpartisan,None
PPP (D),2015-08-28,2015-08-30,2015-09-01 18:55:29 UTC,545,Likely Voters - Democrat,IVR/Online,55,20,,1,1,4,3,15,http://elections.huffingtonpost.com/pollster/polls/ppp-d-22644,http://www.publicpolicypolling.com/pdf/2015/PPP_Release_National_90115.pdf,Pollster,Dem
Ipsos/Reuters,2015-08-22,2015-08-26,2015-08-28 22:44:47 UTC,452,Adults - Democrat,Internet,48,22,15,0,,1,2,9,http://elections.huffingtonpost.com/pollster/polls/ipsos-reuters-22625,http://www.ipsos-na.com/news-polls/pressrelease.aspx?id=6965,Nonpartisan,None
Quinnipiac,2015-08-20,2015-08-25,2015-08-27 20:23:23 UTC,647,Registered Voters - Democrat,Live Phone,45,22,18,0,,1,1,13,http://elections.huffingtonpost.com/pollster/polls/quinnipiac-22620,http://www.quinnipiac.edu/news-and-events/quinnipiac-university-poll/national/release-detail?ReleaseID=2274,Nonpartisan,None
Gravis Marketing/One America News,2015-08-21,2015-08-22,2015-08-28 01:14:31 UTC,1266,Likely Voters - Democrat,Automated Phone,54,21,13,1,,2,2,,http://elections.huffingtonpost.com/pollster/polls/gravis-marketing-one-america-news-22623,http://www.oann.com/trump-breaks-new-ceiling-in-national-gop-poll/,Sponsor,Rep
Ipsos/Reuters,2015-08-15,2015-08-19,2015-08-22 01:07:31 UTC,356,Adults - Democrat,Internet,47,23,12,1,,1,1,11,http://elections.huffingtonpost.com/pollster/polls/ipsos-reuters-22595,http://www.ipsos-na.com/news-polls/pressrelease.aspx?id=6956,Nonpartisan,None
YouGov/Economist,2015-08-14,2015-08-18,2015-08-24 22:00:52 UTC,676,Registered Voters - Democrat,Internet,47,26,14,1,,1,1,7,http://elections.huffingtonpost.com/pollster/polls/yougov-economist-22601,https://d25d2506sfb94s.cloudfront.net/cumulus_uploads/document/zvg9hui4lt/econToplines.pdf,Nonpartisan,None
Morning Consult,2015-08-14,2015-08-16,2015-08-17 21:24:54 UTC,884,Registered Voters - Democrat,Internet,50,24,,1,,3,1,21,http://elections.huffingtonpost.com/pollster/polls/morning-consult-22565,http://morningconsult.com/2015/08/clintons-lead-slips-as-voters-question-email-server-explanations/,Nonpartisan,None
CNN,2015-08-13,2015-08-16,2015-08-19 18:29:16 UTC,358,Registered Voters - Democrat,Live Phone,47,29,14,0,,2,1,3,http://elections.huffingtonpost.com/pollster/polls/cnn-22576,http://i2.cdn.turner.com/cnn/2015/images/08/18/rel8b.-.democrats.2016.pdf,Nonpartisan,None
FOX,2015-08-11,2015-08-13,2015-08-17 19:09:50 UTC,401,Likely Voters - Democrat,Live Phone,49,30,10,0,,1,1,4,http://elections.huffingtonpost.com/pollster/polls/fox-22562,http://www.foxnews.com/politics/interactive/2015/08/14/fox-news-poll-sanders-gains-on-clinton/,Nonpartisan,None
Ipsos/Reuters,2015-08-08,2015-08-12,2015-08-14 21:17:02 UTC,520,Adults - Democrat,Internet,55,18,11,0,,2,1,10,http://elections.huffingtonpost.com/pollster/polls/ipsos-reuters-22559,http://www.ipsos-na.com/download/pr.aspx?id=14767,Nonpartisan,None
Morning Consult,2015-08-07,2015-08-09,2015-08-10 21:38:34 UTC,896,Registered Voters - Democrat,Internet,56,19,,1,,4,2,12,http://elections.huffingtonpost.com/pollster/polls/morning-consult-22526,http://big.assets.huffingtonpost.com/150802_topline_trend_v4_KD.pdf,Nonpartisan,None
Ipsos/Reuters,2015-08-01,2015-08-05,2015-08-07 01:31:53 UTC,409,Adults - Democrat,Internet,52,17,14,1,,1,0,11,http://elections.huffingtonpost.com/pollster/polls/ipsos-reuters-22515,http://ipsos-na.com/news-polls/pressrelease.aspx?id=6931,Nonpartisan,None
Zogby (Internet)/ University of Akron,2015-08-03,2015-08-04,2015-08-06 21:06:17 UTC,459,Likely Voters - Democrat,Internet,48,15,21,,,3,2,10,http://elections.huffingtonpost.com/pollster/polls/zogby-internet-university-of-akron-22501,http://big.assets.huffingtonpost.com/ZogbyDemPrimary080415.pdf,Nonpartisan,None
YouGov/Economist,2015-07-31,2015-08-04,2015-08-07 21:46:40 UTC,635,Registered Voters - Democrat,Internet,51,21,13,1,,1,2,10,http://elections.huffingtonpost.com/pollster/polls/yougov-economist-22516,https://today.yougov.com/news/2015/08/05/gop-debate-trumps-moment/,Nonpartisan,None
Morning Consult,2015-07-31,2015-08-03,2015-08-05 01:23:17 UTC,860,Registered Voters - Democrat,Internet,60,16,,1,,2,2,13,http://elections.huffingtonpost.com/pollster/polls/morning-consult-22487,http://big.assets.huffingtonpost.com/150706_crosstabs_trend_v1_JW.pdf,Nonpartisan,None
FOX,2015-07-30,2015-08-02,2015-08-04 02:31:58 UTC,499,Likely Voters - Democrat,Live Phone,51,22,13,1,,1,1,6,http://elections.huffingtonpost.com/pollster/polls/fox-22473,http://www.foxnews.com/politics/interactive/2015/08/03/poll-new-high-for-trump-new-low-for-clinton/,Nonpartisan,None
Monmouth University,2015-07-30,2015-08-02,2015-08-05 19:27:53 UTC,429,Registered Voters - Democrat,Live Phone,52,16,12,0,,2,2,14,http://elections.huffingtonpost.com/pollster/polls/monmouth-university-22491,http://www.monmouth.edu/assets/0/32212254770/32212254991/32212254992/32212254994/32212254995/30064771087/b22fd0c3-5562-4e9d-99ae-680cd35121bb.pdf,Nonpartisan,None
CBS,2015-07-29,2015-08-02,2015-08-06 01:01:56 UTC,362,Likely Voters - Democrat,Live Phone,58,17,11,1,,1,2,7,http://elections.huffingtonpost.com/pollster/polls/cbs-22498,http://www.scribd.com/doc/273549998/Topline-CBS-Dems-8-4-15-Poll-1,Nonpartisan,None
NBC/WSJ,2015-07-26,2015-07-30,2015-08-03 01:44:59 UTC,252,Likely Voters - Democrat,Live Phone,59,25,,1,,3,3,8,http://elections.huffingtonpost.com/pollster/polls/nbc-wsj-22460,http://msnbcmedia.msn.com/i/MSNBC/Components/Photo/_new/15313JulyNBCWSJPOLL.pdf,Nonpartisan,None
Gravis Marketing/One America News,2015-07-29,2015-07-29,2015-08-05 22:47:03 UTC,803,Likely Voters - Democrat,Automated Phone,55,18,8,2,,3,5,,http://elections.huffingtonpost.com/pollster/polls/gravis-marketing-one-america-news-22497,http://www.oann.com/pollnational/,Sponsor,Rep
Ipsos/Reuters,2015-07-25,2015-07-29,2015-08-05 00:43:28 UTC,505,Adults - Democrat,Internet,58,15,12,0,,1,1,9,http://elections.huffingtonpost.com/pollster/polls/ipsos-reuters-22486,http://www.ipsos-na.com/news-polls/pressrelease.aspx?id=6928,Nonpartisan,None
Emerson College Polling Society,2015-07-26,2015-07-28,2015-08-11 20:17:22 UTC,481,Likely Voters - Democrat,Automated Phone,54,33,9,1,,2,1,,http://elections.huffingtonpost.com/pollster/polls/emerson-college-polling-society-22537,http://media.wix.com/ugd/3bebb2_6f8188f5b1ac4e45bd6a2bd76268e55a.pdf,Nonpartisan,None
Quinnipiac,2015-07-23,2015-07-28,2015-08-03 00:50:33 UTC,681,Registered Voters - Democrat,Live Phone,55,17,13,0,,1,1,12,http://elections.huffingtonpost.com/pollster/polls/quinnipiac-22459,http://www.quinnipiac.edu/news-and-events/quinnipiac-university-poll/national/release-detail?ReleaseID=2264,Nonpartisan,None
CNN,2015-07-22,2015-07-25,2015-07-27 22:01:00 UTC,392,Likely Voters - Democrat,Live Phone,56,19,15,0,,0,1,4,http://elections.huffingtonpost.com/pollster/polls/cnn-22434,http://www.cnn.com/2015/07/26/politics/cnn-orc-data/index.html,Nonpartisan,None
PPP (D),2015-07-20,2015-07-21,2015-07-23 17:55:26 UTC,496,Likely Voters - Democrat,IVR/Online,57,22,,3,,2,5,12,http://elections.huffingtonpost.com/pollster/polls/ppp-d-22415,http://www.publicpolicypolling.com/pdf/2015/PPP_Release_National_72215.pdf,Pollster,Dem
YouGov/Economist,2015-07-18,2015-07-20,2015-07-24 23:47:03 UTC,320,Registered Voters - Democrat,Internet,56,18,13,1,,0,0,10,http://elections.huffingtonpost.com/pollster/polls/yougov-economist-22430,https://d25d2506sfb94s.cloudfront.net/cumulus_uploads/document/dvxmmch9lj/econTabReport2.pdf,Nonpartisan,None
Morning Consult,2015-07-17,2015-07-20,2015-07-21 23:09:47 UTC,882,Registered Voters - Democrat,Internet,52,16,11,,,0,0,9,http://elections.huffingtonpost.com/pollster/polls/morning-consult-22405,http://big.assets.huffingtonpost.com/MCTOPLINE.pdf,Nonpartisan,None
ABC/Post,2015-07-16,2015-07-19,2015-07-21 01:22:48 UTC,357,Registered Voters - Democrat,Live Phone,63,14,12,0,,1,2,6,http://elections.huffingtonpost.com/pollster/polls/abc-post-22400,http://apps.washingtonpost.com/g/page/politics/washington-post-abc-news-poll-july-16-19-2015/1778/,Nonpartisan,None
FOX,2015-07-13,2015-07-15,2015-07-17 02:36:39 UTC,316,Likely Voters - Democrat,Live Phone,59,19,8,1,,1,1,5,http://elections.huffingtonpost.com/pollster/polls/fox-22386,http://www.foxnews.com/politics/interactive/2015/07/16/fox-news-poll-trust-in-iran-nearly-triples-among-democrats-clinton-nature-is-to/,Nonpartisan,None
Lincoln Park Strategies (D),2015-07-09,2015-07-14,2015-07-21 19:25:50 UTC,421,Likely Voters - Democrat,Internet,63,16,,0,,1,2,17,http://elections.huffingtonpost.com/pollster/polls/lincoln-park-strategies-d-22402,http://www.lpstrategies.com/wp-content/uploads/2015/07/National-Omnibus-July-2015-MQ-for-Website.pdf,Nonpartisan,None
Monmouth University,2015-07-09,2015-07-12,2015-07-15 18:02:33 UTC,357,Registered Voters - Democrat,Live Phone,51,17,13,0,,1,1,17,http://elections.huffingtonpost.com/pollster/polls/monmouth-university-22377,http://www.monmouth.edu/assets/0/32212254770/32212254991/32212254992/32212254994/32212254995/30064771087/947b4d56-8c7b-4dd4-a2e3-d36b1c78d231.pdf,Nonpartisan,None
Suffolk/USA Today,2015-07-09,2015-07-12,2015-07-16 00:19:28 UTC,434,Likely Voters - Democrat,Live Phone,59,14,8,0,,0,2,16,http://elections.huffingtonpost.com/pollster/polls/suffolk-usa-today-22380,http://www.suffolk.edu/documents/SUPRC/7_15_2015_marginals.pdf,Nonpartisan,None
YouGov/Economist,2015-07-04,2015-07-06,2015-07-10 01:26:41 UTC,309,Registered Voters - Democrat,Internet,55,24,8,0,,0,1,8,http://elections.huffingtonpost.com/pollster/polls/yougov-economist-22360,https://today.yougov.com/news/2015/07/09/gop-frontrunner-donald-trump/,Nonpartisan,None
YouGov/Economist,2015-06-27,2015-06-29,2015-07-08 22:58:40 UTC,348,Registered Voters - Democrat,Internet,59,19,9,0,,2,1,9,http://elections.huffingtonpost.com/pollster/polls/yougov-economist-22352,https://d25d2506sfb94s.cloudfront.net/cumulus_uploads/document/enwytihwse/econTabReport.pdf,Nonpartisan,None
CNN,2015-06-26,2015-06-28,2015-07-01 18:33:34 UTC,490,Likely Voters - Democrat,Live Phone,58,15,17,0,,1,1,5,http://elections.huffingtonpost.com/pollster/polls/cnn-22330,http://i2.cdn.turner.com/cnn/2015/images/06/30/trumpbushclinton.pdf,Nonpartisan,None
FOX,2015-06-21,2015-06-23,2015-06-25 19:39:57 UTC,375,Registered Voters - Democrat,Live Phone,61,15,11,0,,1,2,5,http://elections.huffingtonpost.com/pollster/polls/fox-22300,http://www.foxnews.com/politics/interactive/2015/06/24/0624152016iranweb/,Nonpartisan,None
YouGov/Economist,2015-06-20,2015-06-22,2015-06-25 23:20:39 UTC,311,Registered Voters - Democrat,Internet,55,18,11,0,,2,0,12,http://elections.huffingtonpost.com/pollster/polls/yougov-economist-22306,https://d25d2506sfb94s.cloudfront.net/cumulus_uploads/document/iay0mr88pc/econTabReport.pdf,Nonpartisan,None
NBC/WSJ,2015-06-14,2015-06-18,2015-06-23 00:24:58 UTC,247,Likely Voters - Democrat,Live Phone,75,15,,0,,2,4,3,http://elections.huffingtonpost.com/pollster/polls/nbc-wsj-22284,http://online.wsj.com/public/resources/documents/WSJNBCpoll06222015.pdf,Nonpartisan,None
YouGov/Economist,2015-06-13,2015-06-15,2015-06-19 19:38:31 UTC,312,Registered Voters - Democrat,Internet,62,16,13,1,,1,1,6,http://elections.huffingtonpost.com/pollster/polls/yougov-economist-22276,https://d25d2506sfb94s.cloudfront.net/cumulus_uploads/document/ttjqflfkfd/econTabReport.pdf,Nonpartisan,None
Monmouth University,2015-06-11,2015-06-14,2015-06-16 17:48:00 UTC,350,Registered Voters - Democrat,Live Phone,57,12,12,0,,1,2,16,http://elections.huffingtonpost.com/pollster/polls/monmouth-university-22255,http://www.monmouth.edu/assets/0/32212254770/32212254991/32212254992/32212254994/32212254995/30064771087/d4823715-88e1-49f5-bd3d-f82581d0c338.pdf,Nonpartisan,None
PPP (D),2015-06-11,2015-06-14,2015-06-17 18:33:48 UTC,471,Likely Voters - Democrat,IVR/Online,65,9,,4,,5,4,12,http://elections.huffingtonpost.com/pollster/polls/ppp-d-22258,http://www.publicpolicypolling.com/pdf/2015/PPP_Release_National_61615.pdf,Pollster,Dem
YouGov/Economist,2015-06-06,2015-06-08,2015-06-15 20:31:52 UTC,327,Registered Voters - Democrat,Internet,57,11,13,2,,1,0,15,http://elections.huffingtonpost.com/pollster/polls/yougov-economist-22247,https://d25d2506sfb94s.cloudfront.net/cumulus_uploads/document/uxmx78ih3n/econTabReport.pdf,Nonpartisan,None
FOX,2015-05-31,2015-06-02,2015-06-04 19:00:34 UTC,395,Registered Voters - Democrat,Live Phone,57,11,8,1,,4,2,6,http://elections.huffingtonpost.com/pollster/polls/fox-22210,http://www.foxnews.com/politics/interactive/2015/06/11/fox-news-poll-summer-vacation-and-2016-presidential-candidates-88883845/,Nonpartisan,None
YouGov/Economist,2015-05-30,2015-06-01,2015-06-05 22:05:57 UTC,327,Registered Voters - Democrat,Internet,61,11,13,1,,2,0,11,http://elections.huffingtonpost.com/pollster/polls/yougov-economist-22218,https://d25d2506sfb94s.cloudfront.net/cumulus_uploads/document/whzwibgmkd/econTabReport.pdf,Nonpartisan,None
CNN,2015-05-29,2015-05-31,2015-06-02 20:14:56 UTC,433,Adults - Democrat,Live Phone,60,10,14,0,,1,2,6,http://elections.huffingtonpost.com/pollster/polls/cnn-22199,http://i2.cdn.turner.com/cnn/2015/images/06/01/2016.poll.pdf,Nonpartisan,None
ABC/Post,2015-05-28,2015-05-31,2015-06-02 20:49:13 UTC,376,Registered Voters - Democrat,Live Phone,62,10,14,1,,3,1,6,http://elections.huffingtonpost.com/pollster/polls/abc-post-22200,http://apps.washingtonpost.com/g/page/politics/washington-post-abc-news-poll-may-28-31-2015/1718/,Nonpartisan,None
Quinnipiac,2015-05-19,2015-05-26,2015-05-28 21:52:59 UTC,748,Registered Voters - Democrat,Live Phone,57,15,9,1,,1,1,16,http://elections.huffingtonpost.com/pollster/polls/quinnipiac-22181,http://www.quinnipiac.edu/images/polling/us/us05282015_U32trdf.pdf,Nonpartisan,None
YouGov/Economist,2015-05-23,2015-05-25,2015-05-29 01:14:54 UTC,309,Registered Voters - Democrat,Internet,59,17,8,0,,3,1,10,http://elections.huffingtonpost.com/pollster/polls/yougov-economist-22188,https://d25d2506sfb94s.cloudfront.net/cumulus_uploads/document/olylop8wkh/econTabReport.pdf,Nonpartisan,None
YouGov/Economist,2015-05-16,2015-05-18,2015-05-21 00:50:28 UTC,325,Registered Voters - Democrat,Internet,60,12,11,,,2,3,11,http://elections.huffingtonpost.com/pollster/polls/yougov-economist-22155,https://d25d2506sfb94s.cloudfront.net/cumulus_uploads/document/nm33fk7pqr/econTabReport.pdf,Nonpartisan,None
Robert Morris University,2015-05-08,2015-05-16,2015-06-04 23:18:44 UTC,312,Adults - Democrat,Internet,56,5,8,,,1,,,http://elections.huffingtonpost.com/pollster/polls/robert-morris-university-22215,http://www.rmu.edu/News.aspx?id=1060,Nonpartisan,None
FOX,2015-05-09,2015-05-12,2015-05-14 19:14:57 UTC,370,Registered Voters - Democrat,Live Phone,63,6,6,0,,0,2,6,http://elections.huffingtonpost.com/pollster/polls/fox-22132,http://www.foxnews.com/politics/interactive/2015/05/13/fox-news-polls-huckabee-seen-as-more-ethical-than-most-clintons-favorable-slips/,Nonpartisan,None
YouGov/Economist,2015-05-09,2015-05-11,2015-05-18 19:00:58 UTC,314,Registered Voters - Democrat,Internet,64,16,7,,,0,1,8,http://elections.huffingtonpost.com/pollster/polls/yougov-economist-22145,https://d25d2506sfb94s.cloudfront.net/cumulus_uploads/document/ihh96gmssm/econTabReport.pdf,Nonpartisan,None
PPP (D),2015-05-07,2015-05-10,2015-05-13 20:59:19 UTC,600,Likely Voters - Democrat,IVR/Online,63,13,,5,,2,6,11,http://elections.huffingtonpost.com/pollster/polls/ppp-d-22128,http://www.publicpolicypolling.com/pdf/2015/PPP_Release_National_51315.pdf,Pollster,Dem
YouGov/Economist,2015-05-02,2015-05-04,2015-05-07 02:08:35 UTC,329,Registered Voters - Democrat,Internet,58,17,13,,,2,0,8,http://elections.huffingtonpost.com/pollster/polls/yougov-economist-22109,https://d25d2506sfb94s.cloudfront.net/cumulus_uploads/document/bjly8n5o7b/econToplines.pdf,Nonpartisan,None
YouGov/Economist,2015-04-25,2015-04-27,2015-05-01 23:25:02 UTC,329,Registered Voters - Democrat,Internet,59,10,7,,,2,1,15,http://elections.huffingtonpost.com/pollster/polls/yougov-economist-22090,https://d25d2506sfb94s.cloudfront.net/cumulus_uploads/document/1i8b982g6q/econToplines.pdf,Nonpartisan,None
FOX,2015-04-19,2015-04-21,2015-04-24 16:40:24 UTC,388,Registered Voters - Democrat,Live Phone,62,4,9,0,,1,0,5,http://elections.huffingtonpost.com/pollster/polls/fox-22059,http://www.foxnews.com/politics/interactive/2015/04/23/fox-news-poll-042315/,Nonpartisan,None
Quinnipiac,2015-04-16,2015-04-21,2015-04-23 18:55:11 UTC,569,Registered Voters - Democrat,Live Phone,60,8,10,0,,3,1,17,http://elections.huffingtonpost.com/pollster/polls/quinnipiac-22054,http://www.quinnipiac.edu/images/polling/us/us04232015_Uknh62d.pdf,Nonpartisan,None
YouGov/Economist,2015-04-18,2015-04-20,2015-04-23 20:19:36 UTC,336,Registered Voters - Democrat,Internet,65,8,9,,,2,2,9,http://elections.huffingtonpost.com/pollster/polls/yougov-economist-22055,https://d25d2506sfb94s.cloudfront.net/cumulus_uploads/document/3nogobkv8t/econToplines.pdf,Nonpartisan,None
CNN,2015-04-16,2015-04-19,2015-04-20 18:02:18 UTC,458,Adults - Democrat,Live Phone,69,5,11,1,,1,3,5,http://elections.huffingtonpost.com/pollster/polls/cnn-22036,http://i2.cdn.turner.com/cnn/2015/images/04/20/cnnorc2016poll04202015.pdf,Nonpartisan,None
YouGov/Economist,2015-04-11,2015-04-13,2015-04-16 00:21:33 UTC,319,Registered Voters - Democrat,Internet,71,7,7,,,1,0,8,http://elections.huffingtonpost.com/pollster/polls/yougov-economist-22021,https://d25d2506sfb94s.cloudfront.net/cumulus_uploads/document/22yxwjir5z/econToplines.pdf,Nonpartisan,None
Monmouth University,2015-03-30,2015-04-02,2015-04-07 18:45:22 UTC,356,Registered Voters - Democrat,Live Phone,60,7,16,,,2,1,14,http://elections.huffingtonpost.com/pollster/polls/monmouth-university-21981,http://cms.monmouth.edu/assets/0/32212254770/32212254991/32212254992/32212254994/32212254995/30064771087/aa9cd63f-ee58-4b2d-bcad-81b1c91d6a0c.pdf,Nonpartisan,None
FOX,2015-03-29,2015-03-31,2015-04-03 21:16:49 UTC,397,Registered Voters - Democrat,Live Phone,61,3,12,,,2,1,3,http://elections.huffingtonpost.com/pollster/polls/fox-21968,http://www.foxnews.com/politics/interactive/2015/04/02/fox-news-poll-more-families-feel-worse-than-better-as-result-obamacare-walker/,Nonpartisan,None
PPP (D),2015-03-26,2015-03-31,2015-04-07 19:48:07 UTC,449,Likely Voters - Democrat,IVR/Online,54,6,7,,,3,2,13,http://elections.huffingtonpost.com/pollster/polls/ppp-d-21983,http://www.publicpolicypolling.com/pdf/2015/PPP_Release_National_40715.pdf,Pollster,Dem
ABC/Post,2015-03-26,2015-03-29,2015-04-02 21:14:39 UTC,446,Registered Voters - Democrat,Live Phone,66,5,12,,,0,1,5,http://elections.huffingtonpost.com/pollster/polls/abc-post-21963,http://www.washingtonpost.com/page/2010-2019/WashingtonPost/2015/04/02/National-Politics/Polling/release_393.xml,Nonpartisan,None
YouGov/Economist,2015-03-21,2015-03-23,2015-03-27 20:44:33 UTC,345,Registered Voters - Democrat,Internet,64,7,11,,,3,1,7,http://elections.huffingtonpost.com/pollster/polls/yougov-economist-21931,https://d25d2506sfb94s.cloudfront.net/cumulus_uploads/document/onbotxemly/econToplines.pdf,Nonpartisan,None
YouGov/Economist,2015-03-14,2015-03-16,2015-03-24 23:40:28 UTC,321,Registered Voters - Democrat,Internet,61,9,8,,,2,1,11,http://elections.huffingtonpost.com/pollster/polls/yougov-economist-21911,https://d25d2506sfb94s.cloudfront.net/cumulus_uploads/document/mfqsfo0scc/econToplines.pdf,Nonpartisan,None
CNN,2015-03-13,2015-03-15,2015-03-19 00:55:37 UTC,466,Adults - Democrat,Live Phone,62,3,15,,,1,1,3,http://elections.huffingtonpost.com/pollster/polls/cnn-21887,http://i2.cdn.turner.com/cnn/2015/images/03/17/poll.2016.pdf,Nonpartisan,None
YouGov/Economist,2015-03-07,2015-03-09,2015-03-25 19:51:35 UTC,293,Registered Voters - Democrat,Internet,59,7,13,,,4,0,9,http://elections.huffingtonpost.com/pollster/polls/yougov-economist-21914,https://d25d2506sfb94s.cloudfront.net/cumulus_uploads/document/w2usa9vt0b/econToplines%20(1).pdf,Nonpartisan,None
McClatchy/Marist,2015-03-01,2015-03-04,2015-03-09 19:46:00 UTC,462,Adults - Democrat,Live Phone,60,5,13,,,1,1,9,http://elections.huffingtonpost.com/pollster/polls/mcclatchy-marist-21830,http://maristpoll.marist.edu/wp-content/misc/usapolls/us150301/2016/Complete%20March%202015%20McClatchy_Marist%20Poll_2016_Tables.pdf#page=4,Nonpartisan,None
Quinnipiac,2015-02-26,2015-03-02,2015-03-05 21:56:04 UTC,493,Registered Voters - Democrat,Live Phone,56,4,10,,,0,1,15,http://elections.huffingtonpost.com/pollster/polls/quinnipiac-21821,http://www.quinnipiac.edu/news-and-events/quinnipiac-university-poll/national/release-detail?ReleaseID=2172,Nonpartisan,None
YouGov/Economist,2015-02-21,2015-02-23,2015-02-27 01:55:05 UTC,309,Registered Voters - Democrat,Internet,68,8,12,,,0,2,5,http://elections.huffingtonpost.com/pollster/polls/yougov-economist-21792,https://d25d2506sfb94s.cloudfront.net/cumulus_uploads/document/2q8maq3vef/econToplines.pdf,Nonpartisan,None
PPP (D),2015-02-20,2015-02-22,2015-02-26 03:01:42 UTC,310,Likely Voters - Democrat,IVR/Online,54,5,16,,,1,2,10,http://elections.huffingtonpost.com/pollster/polls/ppp-d-21784,http://www.publicpolicypolling.com/pdf/2015/PPP_Release_National_22515.pdf,Pollster,Dem
CNN,2015-02-12,2015-02-15,2015-02-18 23:55:19 UTC,1027,Adults,Live Phone,61,3,14,,,1,2,3,http://elections.huffingtonpost.com/pollster/polls/cnn-21748,http://i2.cdn.turner.com/cnn/2015/images/02/19/rel2d.2016[2].pdf,Nonpartisan,None
FOX,2015-01-25,2015-01-27,2015-01-29 20:42:15 UTC,390,Registered Voters - Democrat,Live Phone,55,3,17,,,2,1,3,http://elections.huffingtonpost.com/pollster/polls/fox-21658,http://www.foxnews.com/politics/interactive/2015/01/29/fox-news-poll-voters-believe-romney-clinton-remain-top-picks-for-2016-believe/,Nonpartisan,None
PPP (D),2015-01-22,2015-01-25,2015-01-30 21:02:41 UTC,386,Likely Voters - Democrat,IVR/Online,60,2,15,,,1,1,11,http://elections.huffingtonpost.com/pollster/polls/ppp-d-21663,http://www.publicpolicypolling.com/pdf/2014/PPP_Release_National_13015.pdf,Pollster,Dem
Rasmussen,2015-01-18,2015-01-19,2015-01-27 00:04:07 UTC,648,Likely Voters - Democrat,Automated Phone,59,4,6,,,2,3,9,http://elections.huffingtonpost.com/pollster/polls/rasmussen-21646,http://www.rasmussenreports.com/public_content/politics/general_politics/january_2015/clinton_vs_warren_and_the_winner_among_democrats_is,Nonpartisan,None
YouGov/Economist,2015-01-10,2015-01-12,2015-01-15 00:35:02 UTC,353,Registered Voters - Democrat,Internet,61,3,7,,,0,2,9,http://elections.huffingtonpost.com/pollster/polls/yougov-economist-21599,http://d25d2506sfb94s.cloudfront.net/cumulus_uploads/document/jpkqpdm59t/econToplines.pdf,Nonpartisan,None
CNN,2014-12-18,2014-12-21,2015-01-08 02:01:23 UTC,469,Adults - Democrat,Live Phone,66,3,8,,,1,1,4,http://elections.huffingtonpost.com/pollster/polls/cnn-21580,http://i2.cdn.turner.com/cnn/2014/images/12/24/poll2.pdf,Nonpartisan,None
ABC/Post,2014-12-11,2014-12-14,2014-12-17 04:12:41 UTC,346,Registered Voters - Democrat,Live Phone,61,4,14,,,0,3,4,http://elections.huffingtonpost.com/pollster/polls/abc-post-21520,https://s3.amazonaws.com/s3.documentcloud.org/documents/1384634/2014-12-14-trend-for-release.pdf,Nonpartisan,None
FOX,2014-12-07,2014-12-09,2014-12-17 04:31:55 UTC,409,Registered Voters - Democrat,Live Phone,62,3,10,,,1,1,5,http://elections.huffingtonpost.com/pollster/polls/fox-21521,http://www.foxnews.com/politics/interactive/2014/12/16/fox-news-poll-your-2016-presidential-election-fix/,Nonpartisan,None
McClatchy/Marist,2014-12-03,2014-12-09,2014-12-16 22:23:42 UTC,420,Registered Voters - Democrat,Live Phone,62,4,11,,,1,1,11,http://elections.huffingtonpost.com/pollster/polls/mcclatchy-marist-21519,http://maristpoll.marist.edu/wp-content/misc/usapolls/us141203/2016/Complete%20December%202014%20McClatchy_Marist%20Poll_2016_Release%20and%20Tables.pdf,Nonpartisan,None
CNN,2014-11-21,2014-11-23,2014-12-03 18:29:51 UTC,457,Adults - Democrat,Live Phone,65,5,9,,,0,1,4,http://elections.huffingtonpost.com/pollster/polls/cnn-21482,http://i2.cdn.turner.com/cnn/2014/images/12/02/cnnorcpoll12022014.pdf,Nonpartisan,None
Quinnipiac,2014-11-18,2014-11-23,2014-12-03 17:55:56 UTC,610,Registered Voters - Democrat,Live Phone,57,4,9,,,1,1,15,http://elections.huffingtonpost.com/pollster/polls/quinnipiac-21481,http://www.quinnipiac.edu/news-and-events/quinnipiac-university-poll/national/release-detail?ReleaseID=2116,Nonpartisan,None
ABC/Post,2014-10-09,2014-10-12,2014-10-15 11:45:34 UTC,,Registered Voters - Democrat,Live Phone,64,1,13,,,1,2,8,http://elections.huffingtonpost.com/pollster/polls/abc-post-20885,http://www.washingtonpost.com/page/2010-2019/WashingtonPost/2014/10/15/National-Politics/Polling/release_367.xml,Nonpartisan,None
FOX,2014-07-20,2014-07-22,2014-07-29 15:30:55 UTC,438,Registered Voters - Democrat,Live Phone,64,,12,,,1,,4,http://elections.huffingtonpost.com/pollster/polls/fox-19979,http://www.foxnews.com/politics/interactive/2014/07/28/fox-news-polls-midterm-elections-2016-presidential-matchups/,Nonpartisan,None
CNN,2014-07-18,2014-07-20,2014-07-28 18:06:10 UTC,449,Adults - Democrat,Live Phone,67,,8,,,2,,3,http://elections.huffingtonpost.com/pollster/polls/cnn-19958,http://i2.cdn.turner.com/cnn/2014/images/07/27/cnn.orc.poll.pdf,Nonpartisan,None
Quinnipiac,2014-06-24,2014-06-30,2014-07-08 15:18:21 UTC,610,Registered Voters - Democrat,Live Phone,58,,9,,,1,,16,http://elections.huffingtonpost.com/pollster/polls/quinnipiac-19810,http://www.quinnipiac.edu/news-and-events/quinnipiac-university-poll/national/release-detail?ReleaseID=2058,Nonpartisan,None
ABC/Post,2014-05-29,2014-06-01,2014-06-09 15:16:55 UTC,380,Registered Voters - Democrat,Live Phone,66,2,12,,,1,2,6,http://elections.huffingtonpost.com/pollster/polls/abc-post-19614,http://www.washingtonpost.com/page/2010-2019/WashingtonPost/2014/06/08/National-Politics/Polling/release_352.xml,Nonpartisan,None
FOX,2014-04-13,2014-04-15,2014-04-17 14:27:44 UTC,395,Registered Voters - Democrat,Live Phone,69,,14,,,1,,3,http://elections.huffingtonpost.com/pollster/polls/fox-19256,http://www.foxnews.com/politics/interactive/2014/04/21/fox-news-poll-independents-more-likely-to-back-anti-obamacare-candidates/,Nonpartisan,None
Reason/Rupe,2014-03-26,2014-03-30,2014-04-03 15:31:19 UTC,,Adults - Democrat,Live Phone,64,,11,,,,,16,http://elections.huffingtonpost.com/pollster/polls/reason-rupe-19173,http://reason.com/assets/db/13964619214696.pdf,Nonpartisan,None
CNN,2014-03-07,2014-03-09,2014-03-19 15:14:56 UTC,372,Adults - Democrat,Live Phone,64,,13,,,4,,6,http://elections.huffingtonpost.com/pollster/polls/cnn-19073,http://i2.cdn.turner.com/cnn/2014/images/03/17/rel4e.pdf,Nonpartisan,None
PPP (D),2014-03-06,2014-03-09,2014-03-14 16:16:21 UTC,429,Likely Voters - Democrat,Automated Phone,66,,11,,,2,,7,http://elections.huffingtonpost.com/pollster/polls/ppp-d-19043,http://www.publicpolicypolling.com/pdf/2014/PPP_Release_National_314.pdf,Pollster,Dem
PPP (D),2014-01-23,2014-01-26,2014-01-29 17:01:44 UTC,334,Likely Voters - Democrat,Automated Phone,67,,7,,,1,,10,http://elections.huffingtonpost.com/pollster/polls/ppp-d-18741,http://www.publicpolicypolling.com/pdf/2014/PPP_Release_National_129.pdf,Pollster,Dem
ABC/Post,2014-01-20,2014-01-23,2014-01-30 16:35:35 UTC,,Registered Voters - Democrat,Live Phone,73,,12,,,,,5,http://elections.huffingtonpost.com/pollster/polls/abc-post-18754,http://www.washingtonpost.com/page/2010-2019/WashingtonPost/2014/01/30/National-Politics/Polling/release_290.xml,Nonpartisan,None
Quinnipiac,2014-01-15,2014-01-19,2014-01-21 19:08:29 UTC,803,Registered Voters - Democrat,Live Phone,65,,8,,,1,,13,http://elections.huffingtonpost.com/pollster/polls/quinnipiac-18703,http://www.quinnipiac.edu/institutes-and-centers/polling-institute/national/release-detail?ReleaseID=1998,Nonpartisan,None
FOX,2013-12-14,2013-12-16,2013-12-18 23:35:41 UTC,412,Registered Voters - Democrat,Live Phone,68,,12,,,1,,6,http://elections.huffingtonpost.com/pollster/polls/fox-18575,http://www.foxnews.com/politics/interactive/2013/12/26/fox-news-poll-clinton-christie-on-top-in-2016-preference-test/,Nonpartisan,None
PPP (D),2013-12-12,2013-12-15,2013-12-18 19:09:04 UTC,453,Likely Voters - Democrat,Automated Phone,66,,10,,,2,,7,http://elections.huffingtonpost.com/pollster/polls/ppp-d-18568,http://www.publicpolicypolling.com/pdf/2013/PPP_Release_National_1218.pdf,Pollster,Dem
Quinnipiac,2013-12-03,2013-12-09,2013-12-11 23:45:55 UTC,1095,Registered Voters - Democrat,Live Phone,66,,8,,,0,,13,http://elections.huffingtonpost.com/pollster/polls/quinnipiac-18519,http://www.quinnipiac.edu/institutes-and-centers/polling-institute/national/release-detail?ReleaseID=1988,Nonpartisan,None
McClatchy/Marist,2013-12-03,2013-12-05,2013-12-13 20:40:55 UTC,466,Registered Voters - Democrat,Live Phone,65,,12,,,1,,9,http://elections.huffingtonpost.com/pollster/polls/mcclatchy-marist-18533,"http://maristpoll.marist.edu/wp-content/misc/usapolls/us131203/2016/Complete%20December%2011,%202013%20USA%20McClatchy-Marist%20Poll%20Release%20and%20Tables.pdf",Nonpartisan,None
CNN,2013-11-18,2013-11-20,2013-12-02 23:40:55 UTC,374,Adults - Democrat,Live Phone,63,,12,,,2,,6,http://elections.huffingtonpost.com/pollster/polls/cnn-18475,http://i2.cdn.turner.com/cnn/2013/images/11/29/cnn.orc.poll.2016.pdf,Nonpartisan,None
PPP (D),2013-10-29,2013-10-31,2013-11-05 19:40:43 UTC,400,Likely Voters - Democrat,Automated Phone,67,,12,,,2,,12,http://elections.huffingtonpost.com/pollster/polls/ppp-d-18368,http://www.publicpolicypolling.com/pdf/2013/PPP_Release_US_110513.pdf,Pollster,Dem
YouGov/Economist,2013-10-26,2013-10-28,2013-10-30 22:37:44 UTC,381,Adults - Democrat,Internet,44,,10,,,3,,32,http://elections.huffingtonpost.com/pollster/polls/yougov-economist-18325,http://d25d2506sfb94s.cloudfront.net/cumulus_uploads/document/i4pkgb3edc/econToplines.pdf,Nonpartisan,None
YouGov,2013-09-30,2013-10-01,2013-12-13 20:14:16 UTC,341,Adults - Democrat,Internet,57,,8,,,1,,23,http://elections.huffingtonpost.com/pollster/polls/yougov-18531,http://cdn.yougov.com/cumulus_uploads/document/ovdt4dpag0/tabs_OPI_2016primaries_20131002.pdf,Nonpartisan,None
Quinnipiac,2013-09-23,2013-09-29,2013-10-02 17:17:47 UTC,692,Registered Voters - Democrat,Live Phone,61,,11,,,0,,17,http://elections.huffingtonpost.com/pollster/polls/quinnipiac-18116,http://www.quinnipiac.edu/institutes-and-centers/polling-institute/national/release-detail?ReleaseID=1959,Nonpartisan,None
Rasmussen,2013-09-16,2013-09-17,2013-09-19 18:44:30 UTC,,Likely Voters - Democrat,Automated Phone,77,,11,,,,,6,http://elections.huffingtonpost.com/pollster/polls/rasmussen-17978,http://www.rasmussenreports.com/public_content/politics/elections/election_2016/2016_christie_r_39_biden_d_35,Nonpartisan,None
CNN,2013-09-06,2013-09-08,2013-09-16 19:48:33 UTC,448,Adults - Democrat,Live Phone,65,,10,,,2,,7,http://elections.huffingtonpost.com/pollster/polls/cnn-17953,http://i2.cdn.turner.com/cnn/2013/images/09/16/2016poll.pdf,Nonpartisan,None
Rasmussen,2013-08-01,2013-08-02,2013-08-06 15:18:47 UTC,380,Likely Voters - Democrat,Automated Phone,63,,12,,,1,,9,http://elections.huffingtonpost.com/pollster/polls/rasmussen-17777,http://www.rasmussenreports.com/public_content/politics/elections/election_2016/hillary_clinton_is_leading_favorite_and_unfavorite_in_democratic_presidential_pack,Nonpartisan,None
PPP (D),2013-07-19,2013-07-21,2013-07-26 20:22:53 UTC,418,Likely Voters - Democrat,Automated Phone,52,,12,,,1,,17,http://elections.huffingtonpost.com/pollster/polls/ppp-d-17738,http://www.publicpolicypolling.com/pdf/2011/PPP_Release_National_725.pdf,Pollster,Dem
McClatchy/Marist,2013-07-15,2013-07-18,2013-07-26 19:50:20 UTC,426,Registered Voters - Democrat,Live Phone,63,,13,,,1,,18,http://elections.huffingtonpost.com/pollster/polls/mcclatchy-marist-17737,"http://maristpoll.marist.edu/wp-content/misc/usapolls/us130715/Campaign%202016/Complete%20July%2024,%202013%20USA%20McClatchy-Marist%20Poll%20Results%20and%20Tables.pdf",Nonpartisan,None
YouGov/Economist,2013-05-25,2013-05-27,2013-05-29 17:09:41 UTC,403,Adults - Democrat,Internet,60,,14,,,3,,17,http://elections.huffingtonpost.com/pollster/polls/yougov-economist-17467,http://d25d2506sfb94s.cloudfront.net/cumulus_uploads/document/jec08kvfk5/20130525econToplines.pdf,Nonpartisan,None
YouGov/Economist,2013-05-18,2013-05-20,2013-05-22 17:52:33 UTC,407,Adults - Democrat,Internet,64,,11,,,0,,20,http://elections.huffingtonpost.com/pollster/polls/yougov-economist-17431,http://cdn.yougov.com/cumulus_uploads/document/9iecol3fxz/20130520econToplines.pdf,Nonpartisan,None
YouGov/Economist,2013-05-11,2013-05-13,2013-05-15 17:08:30 UTC,398,Adults - Democrat,Internet,59,,9,,,1,,24,http://elections.huffingtonpost.com/pollster/polls/yougov-economist-17400,http://cdn.yougov.com/cumulus_uploads/document/2r67v1kk13/20130513econToplines.pdf,Nonpartisan,None
PPP (D),2013-05-06,2013-05-09,2013-05-15 16:18:48 UTC,589,Likely Voters - Democrat,Automated Phone,63,,13,,,2,,10,http://elections.huffingtonpost.com/pollster/polls/ppp-d-17399,http://www.publicpolicypolling.com/pdf/2011/PPP_Release_National_515Final.pdf,Pollster,Dem
Quinnipiac,2013-04-25,2013-04-29,2013-05-02 14:28:06 UTC,650,Registered Voters - Democrat,Live Phone,65,,13,,,1,,14,http://elections.huffingtonpost.com/pollster/polls/quinnipiac-17336,http://www.quinnipiac.edu/institutes--centers/polling-institute/national/release-detail?ReleaseID=1891,Nonpartisan,None
PPP (D),2013-03-27,2013-03-30,2013-04-04 16:22:12 UTC,666,Likely Voters - Democrat,Automated Phone,64,,18,,,1,,6,http://elections.huffingtonpost.com/pollster/polls/ppp-d-17222,http://www.publicpolicypolling.com/pdf/2011/PPP_Release_4313.pdf,Pollster,Dem
PPP (D),2013-01-31,2013-02-03,2013-02-07 20:34:59 UTC,416,Likely Voters - Democrat,Automated Phone,58,,19,,,1,,9,http://elections.huffingtonpost.com/pollster/polls/ppp-d-16996,http://www.publicpolicypolling.com/pdf/2011/PPP_Release_National_207.pdf,Pollster,Dem
PPP (D),2013-01-31,2013-02-03,2014-03-24 20:23:45 UTC,416,Likely Voters - Democrat,Automated Phone,58,,19,,,1,,9,http://elections.huffingtonpost.com/pollster/polls/ppp-d-19115,http://www.publicpolicypolling.com/pdf/2011/PPP_Release_National_207.pdf,Pollster,Dem
YouGov/Economist,2013-01-19,2013-01-21,2013-02-01 18:34:41 UTC,378,Adults - Democrat,Internet,44,,11,,,2,,27,http://elections.huffingtonpost.com/pollster/polls/yougov-economist-16964,http://cdn.yougov.com/cumulus_uploads/document/d3ms2sphnu/20130119econTabReport.pdf,Nonpartisan,None
YouGov/Economist,2013-01-12,2013-01-14,2013-02-01 17:14:07 UTC,390,Adults - Democrat,Internet,48,,12,,,1,,,http://elections.huffingtonpost.com/pollster/polls/yougov-economist-16963,http://cdn.yougov.com/cumulus_uploads/document/h9rwppzi83/20130112_econTabReport.pdf,Nonpartisan,None
PPP (D),2013-01-03,2013-01-06,2013-01-08 12:08:17 UTC,400,Likely Voters - Democrat,Automated Phone,57,,16,,,3,,10,http://elections.huffingtonpost.com/pollster/polls/ppp-d-16866,http://www.publicpolicypolling.com/pdf/2011/PPP_Release_National_011013.pdf,Pollster,Dem
PPP (D),2012-11-30,2012-12-02,2012-12-06 16:31:37 UTC,454,Registered Voters - Democrat,Automated Phone,61,,12,,,2,,12,http://elections.huffingtonpost.com/pollster/polls/ppp-d-16784,http://www.publicpolicypolling.com/pdf/2011/PPP_Release_National_1206.pdf,Pollster,Dem
